level,src_id,dst_id,src_row,src_col,dst_row,dst_col,cost
1,416,415,32,52,32,51,1
1,416,398,32,52,30,52,1.5
1,415,416,32,51,32,52,1
1,415,397,32,51,30,51,1.5
1,414,413,32,46,32,44,2
1,414,396,32,46,30,46,1.5
1,413,414,32,44,32,46,2
1,413,395,32,44,30,44,1.5
1,412,411,32,40,32,38,1.5
1,412,394,32,40,30,40,1.5
1,411,412,32,38,32,40,1.5
1,411,410,32,38,32,37,1.5
1,411,393,32,38,30,38,1.5
1,410,411,32,37,32,38,1.5
1,410,392,32,37,30,37,1.5
1,409,408,32,32,32,30,2
1,409,391,32,32,30,32,1.5
1,408,409,32,30,32,32,2
1,408,390,32,30,30,30,1.5
1,407,406,32,26,32,24,1.5
1,407,389,32,26,30,26,1.5
1,406,407,32,24,32,26,1.5
1,406,405,32,24,32,23,1.5
1,406,388,32,24,30,24,1.5
1,405,406,32,23,32,24,1.5
1,405,387,32,23,30,23,1.5
1,404,403,32,18,32,16,2
1,404,386,32,18,30,18,1.5
1,403,404,32,16,32,18,2
1,403,385,32,16,30,16,1.5
1,402,401,32,12,32,10,1.5
1,402,384,32,12,30,12,1.5
1,401,402,32,10,32,12,1.5
1,401,400,32,10,32,9,1.5
1,401,383,32,10,30,10,1.5
1,400,401,32,9,32,10,1.5
1,400,382,32,9,30,9,1.5
1,399,381,32,4,30,4,1.5
1,398,416,30,52,32,52,1.5
1,398,397,30,52,30,51,1
1,398,378,30,52,28,52,2
1,397,415,30,51,32,51,1.5
1,397,398,30,51,30,52,1
1,397,377,30,51,28,50,2
1,396,414,30,46,32,46,1.5
1,396,395,30,46,30,44,2
1,396,375,30,46,28,46,2
1,395,413,30,44,32,44,1.5
1,395,396,30,44,30,46,2
1,395,374,30,44,28,44,2
1,394,412,30,40,32,40,1.5
1,394,393,30,40,30,38,1.5
1,394,372,30,40,28,40,2
1,393,411,30,38,32,38,1.5
1,393,394,30,38,30,40,1.5
1,393,392,30,38,30,37,1.5
1,393,371,30,38,28,38,2
1,392,410,30,37,32,37,1.5
1,392,393,30,37,30,38,1.5
1,392,370,30,37,28,36,2
1,391,409,30,32,32,32,1.5
1,391,390,30,32,30,30,2
1,391,368,30,32,28,32,2
1,390,408,30,30,32,30,1.5
1,390,391,30,30,30,32,2
1,390,367,30,30,28,30,2
1,389,407,30,26,32,26,1.5
1,389,388,30,26,30,24,1.5
1,389,365,30,26,28,26,2
1,388,406,30,24,32,24,1.5
1,388,389,30,24,30,26,1.5
1,388,387,30,24,30,23,1.5
1,388,364,30,24,28,24,2
1,387,405,30,23,32,23,1.5
1,387,388,30,23,30,24,1.5
1,387,363,30,23,28,22,2
1,386,404,30,18,32,18,1.5
1,386,385,30,18,30,16,2
1,386,361,30,18,28,18,2
1,385,403,30,16,32,16,1.5
1,385,386,30,16,30,18,2
1,385,360,30,16,28,16,2
1,384,402,30,12,32,12,1.5
1,384,383,30,12,30,10,1.5
1,384,358,30,12,28,12,2
1,383,401,30,10,32,10,1.5
1,383,384,30,10,30,12,1.5
1,383,382,30,10,30,9,1.5
1,383,357,30,10,28,10,2
1,382,400,30,9,32,9,1.5
1,382,383,30,9,30,10,1.5
1,382,356,30,9,28,8,2
1,381,399,30,4,32,4,1.5
1,381,354,30,4,28,4,2
1,380,379,28,56,28,54,1.5
1,380,351,28,56,27,56,1
1,379,380,28,54,28,56,1.5
1,379,378,28,54,28,52,2
1,379,350,28,54,27,54,1
1,378,398,28,52,30,52,2
1,378,379,28,52,28,54,2
1,378,377,28,52,28,50,2
1,378,349,28,52,26,52,2
1,377,397,28,50,30,51,2
1,377,378,28,50,28,52,2
1,377,376,28,50,28,48,2
1,377,348,28,50,26,50,2
1,376,377,28,48,28,50,2
1,376,375,28,48,28,46,2
1,376,347,28,48,26,48,2
1,375,396,28,46,30,46,2
1,375,376,28,46,28,48,2
1,375,374,28,46,28,44,2
1,375,346,28,46,26,46,2
1,374,395,28,44,30,44,2
1,374,375,28,44,28,46,2
1,374,373,28,44,28,42,2
1,374,345,28,44,26,44,2
1,373,374,28,42,28,44,2
1,373,372,28,42,28,40,2
1,373,344,28,42,26,42,2
1,372,394,28,40,30,40,2
1,372,373,28,40,28,42,2
1,372,371,28,40,28,38,2
1,372,343,28,40,26,40,2
1,371,393,28,38,30,38,2
1,371,372,28,38,28,40,2
1,371,370,28,38,28,36,2
1,371,342,28,38,26,38,2
1,370,392,28,36,30,37,2
1,370,371,28,36,28,38,2
1,370,369,28,36,28,34,2
1,370,341,28,36,26,36,2
1,369,370,28,34,28,36,2
1,369,368,28,34,28,32,2
1,369,340,28,34,26,34,2
1,368,391,28,32,30,32,2
1,368,369,28,32,28,34,2
1,368,367,28,32,28,30,2
1,368,339,28,32,26,32,2
1,367,390,28,30,30,30,2
1,367,368,28,30,28,32,2
1,367,366,28,30,28,28,2
1,367,338,28,30,26,30,2
1,366,367,28,28,28,30,2
1,366,365,28,28,28,26,2
1,366,337,28,28,26,28,2
1,365,389,28,26,30,26,2
1,365,366,28,26,28,28,2
1,365,364,28,26,28,24,2
1,365,336,28,26,26,26,2
1,364,388,28,24,30,24,2
1,364,365,28,24,28,26,2
1,364,363,28,24,28,22,2
1,364,335,28,24,26,24,2
1,363,387,28,22,30,23,2
1,363,364,28,22,28,24,2
1,363,362,28,22,28,20,2
1,363,334,28,22,26,22,2
1,362,363,28,20,28,22,2
1,362,361,28,20,28,18,2
1,362,333,28,20,26,20,2
1,361,386,28,18,30,18,2
1,361,362,28,18,28,20,2
1,361,360,28,18,28,16,2
1,361,332,28,18,26,18,2
1,360,385,28,16,30,16,2
1,360,361,28,16,28,18,2
1,360,359,28,16,28,14,2
1,360,331,28,16,26,16,2
1,359,360,28,14,28,16,2
1,359,358,28,14,28,12,2
1,359,330,28,14,26,14,2
1,358,384,28,12,30,12,2
1,358,359,28,12,28,14,2
1,358,357,28,12,28,10,2
1,358,329,28,12,26,12,2
1,357,383,28,10,30,10,2
1,357,358,28,10,28,12,2
1,357,356,28,10,28,8,2
1,357,328,28,10,26,10,2
1,356,382,28,8,30,9,2
1,356,357,28,8,28,10,2
1,356,355,28,8,28,6,2
1,356,327,28,8,26,8,2
1,355,356,28,6,28,8,2
1,355,354,28,6,28,4,2
1,355,326,28,6,26,6,2
1,354,381,28,4,30,4,2
1,354,355,28,4,28,6,2
1,354,353,28,4,28,2,2
1,354,325,28,4,26,4,2
1,353,354,28,2,28,4,2
1,353,352,28,2,28,0,2
1,353,324,28,2,26,2,1.5
1,352,353,28,0,28,2,2
1,352,323,28,0,26,0,1.5
1,351,380,27,56,28,56,1
1,351,350,27,56,27,54,1.5
1,350,379,27,54,28,54,1
1,350,351,27,54,27,56,1.5
1,350,349,27,54,26,52,2
1,349,378,26,52,28,52,2
1,349,350,26,52,27,54,2
1,349,348,26,52,26,50,2
1,349,322,26,52,24,52,2
1,348,377,26,50,28,50,2
1,348,349,26,50,26,52,2
1,348,347,26,50,26,48,2
1,348,321,26,50,24,50,2
1,347,376,26,48,28,48,2
1,347,348,26,48,26,50,2
1,347,346,26,48,26,46,2
1,347,320,26,48,24,48,2
1,346,375,26,46,28,46,2
1,346,347,26,46,26,48,2
1,346,345,26,46,26,44,2
1,346,319,26,46,24,47,2
1,345,374,26,44,28,44,2
1,345,346,26,44,26,46,2
1,345,344,26,44,26,42,2
1,345,318,26,44,25,44,1.5
1,344,373,26,42,28,42,2
1,344,345,26,42,26,44,2
1,344,343,26,42,26,40,2
1,344,317,26,42,24,43,2
1,343,372,26,40,28,40,2
1,343,344,26,40,26,42,2
1,343,342,26,40,26,38,2
1,343,316,26,40,25,40,1.5
1,342,371,26,38,28,38,2
1,342,343,26,38,26,40,2
1,342,341,26,38,26,36,2
1,342,315,26,38,24,39,2
1,341,370,26,36,28,36,2
1,341,342,26,36,26,38,2
1,341,340,26,36,26,34,2
1,341,314,26,36,25,36,1.5
1,340,369,26,34,28,34,2
1,340,341,26,34,26,36,2
1,340,339,26,34,26,32,2
1,340,313,26,34,24,35,2
1,339,368,26,32,28,32,2
1,339,340,26,32,26,34,2
1,339,338,26,32,26,30,2
1,339,312,26,32,25,32,1.5
1,338,367,26,30,28,30,2
1,338,339,26,30,26,32,2
1,338,337,26,30,26,28,2
1,338,311,26,30,24,31,2
1,337,366,26,28,28,28,2
1,337,338,26,28,26,30,2
1,337,336,26,28,26,26,2
1,337,310,26,28,25,28,1.5
1,336,365,26,26,28,26,2
1,336,337,26,26,26,28,2
1,336,335,26,26,26,24,2
1,336,309,26,26,24,27,2
1,335,364,26,24,28,24,2
1,335,336,26,24,26,26,2
1,335,334,26,24,26,22,2
1,335,308,26,24,25,24,1.5
1,334,363,26,22,28,22,2
1,334,335,26,22,26,24,2
1,334,333,26,22,26,20,2
1,334,307,26,22,24,23,2
1,333,362,26,20,28,20,2
1,333,334,26,20,26,22,2
1,333,332,26,20,26,18,2
1,333,306,26,20,25,20,1.5
1,332,361,26,18,28,18,2
1,332,333,26,18,26,20,2
1,332,331,26,18,26,16,2
1,332,305,26,18,24,19,2
1,331,360,26,16,28,16,2
1,331,332,26,16,26,18,2
1,331,330,26,16,26,14,2
1,331,304,26,16,25,16,1.5
1,330,359,26,14,28,14,2
1,330,331,26,14,26,16,2
1,330,329,26,14,26,12,2
1,330,303,26,14,24,15,2
1,329,358,26,12,28,12,2
1,329,330,26,12,26,14,2
1,329,328,26,12,26,10,2
1,329,302,26,12,25,12,1.5
1,328,357,26,10,28,10,2
1,328,329,26,10,26,12,2
1,328,327,26,10,26,8,2
1,328,301,26,10,24,11,2
1,327,356,26,8,28,8,2
1,327,328,26,8,26,10,2
1,327,326,26,8,26,6,2
1,327,300,26,8,25,8,1.5
1,326,355,26,6,28,6,2
1,326,327,26,6,26,8,2
1,326,325,26,6,26,4,2
1,326,299,26,6,24,6,2
1,325,354,26,4,28,4,2
1,325,326,26,4,26,6,2
1,325,324,26,4,26,2,2
1,325,298,26,4,24,4,2
1,324,353,26,2,28,2,1.5
1,324,325,26,2,26,4,2
1,324,323,26,2,26,0,2
1,324,297,26,2,24,2,2
1,323,352,26,0,28,0,1.5
1,323,324,26,0,26,2,2
1,323,296,26,0,24,0,2
1,322,349,24,52,26,52,2
1,322,321,24,52,24,50,2
1,322,293,24,52,22,52,2
1,321,348,24,50,26,50,2
1,321,322,24,50,24,52,2
1,321,320,24,50,24,48,2
1,321,292,24,50,22,50,2
1,320,347,24,48,26,48,2
1,320,321,24,48,24,50,2
1,320,319,24,48,24,47,2
1,320,291,24,48,22,48,2
1,319,346,24,47,26,46,2
1,319,320,24,47,24,48,2
1,319,318,24,47,25,44,2
1,319,290,24,47,22,46,2
1,318,345,25,44,26,44,1.5
1,318,319,25,44,24,47,2
1,318,317,25,44,24,43,2
1,317,344,24,43,26,42,2
1,317,318,24,43,25,44,2
1,317,316,24,43,25,40,2
1,317,288,24,43,22,42,2
1,316,343,25,40,26,40,1.5
1,316,317,25,40,24,43,2
1,316,315,25,40,24,39,2
1,315,342,24,39,26,38,2
1,315,316,24,39,25,40,2
1,315,314,24,39,25,36,2
1,315,286,24,39,22,38,2
1,314,341,25,36,26,36,1.5
1,314,315,25,36,24,39,2
1,314,313,25,36,24,35,2
1,313,340,24,35,26,34,2
1,313,314,24,35,25,36,2
1,313,312,24,35,25,32,2
1,313,284,24,35,22,34,2
1,312,339,25,32,26,32,1.5
1,312,313,25,32,24,35,2
1,312,311,25,32,24,31,2
1,311,338,24,31,26,30,2
1,311,312,24,31,25,32,2
1,311,310,24,31,25,28,2
1,311,282,24,31,22,30,2
1,310,337,25,28,26,28,1.5
1,310,311,25,28,24,31,2
1,310,309,25,28,24,27,2
1,309,336,24,27,26,26,2
1,309,310,24,27,25,28,2
1,309,308,24,27,25,24,2
1,309,280,24,27,22,26,2
1,308,335,25,24,26,24,1.5
1,308,309,25,24,24,27,2
1,308,307,25,24,24,23,2
1,307,334,24,23,26,22,2
1,307,308,24,23,25,24,2
1,307,306,24,23,25,20,2
1,307,278,24,23,22,22,2
1,306,333,25,20,26,20,1.5
1,306,307,25,20,24,23,2
1,306,305,25,20,24,19,2
1,305,332,24,19,26,18,2
1,305,306,24,19,25,20,2
1,305,304,24,19,25,16,2
1,305,276,24,19,22,18,2
1,304,331,25,16,26,16,1.5
1,304,305,25,16,24,19,2
1,304,303,25,16,24,15,2
1,303,330,24,15,26,14,2
1,303,304,24,15,25,16,2
1,303,302,24,15,25,12,2
1,303,274,24,15,22,14,2
1,302,329,25,12,26,12,1.5
1,302,303,25,12,24,15,2
1,302,301,25,12,24,11,2
1,301,328,24,11,26,10,2
1,301,302,24,11,25,12,2
1,301,300,24,11,25,8,2
1,301,272,24,11,22,10,2
1,300,327,25,8,26,8,1.5
1,300,301,25,8,24,11,2
1,300,299,25,8,24,6,2
1,299,326,24,6,26,6,2
1,299,300,24,6,25,8,2
1,299,298,24,6,24,4,2
1,299,270,24,6,22,6,2
1,298,325,24,4,26,4,2
1,298,299,24,4,24,6,2
1,298,297,24,4,24,2,2
1,298,269,24,4,22,4,2
1,297,324,24,2,26,2,2
1,297,298,24,2,24,4,2
1,297,296,24,2,24,0,2
1,297,268,24,2,22,3,2
1,296,323,24,0,26,0,2
1,296,297,24,0,24,2,2
1,296,267,24,0,23,0,1.5
1,295,294,22,56,22,54,1.5
1,295,266,22,56,20,56,2
1,294,295,22,54,22,56,1.5
1,294,293,22,54,22,52,2
1,294,265,22,54,20,54,2
1,293,322,22,52,24,52,2
1,293,294,22,52,22,54,2
1,293,292,22,52,22,50,2
1,293,264,22,52,20,52,2
1,292,321,22,50,24,50,2
1,292,293,22,50,22,52,2
1,292,291,22,50,22,48,2
1,292,263,22,50,20,50,2
1,291,320,22,48,24,48,2
1,291,292,22,48,22,50,2
1,291,290,22,48,22,46,2
1,291,262,22,48,20,48,2
1,290,319,22,46,24,47,2
1,290,291,22,46,22,48,2
1,290,289,22,46,22,44,2
1,290,261,22,46,20,47,2
1,289,290,22,44,22,46,2
1,289,288,22,44,22,42,2
1,288,317,22,42,24,43,2
1,288,289,22,42,22,44,2
1,288,287,22,42,22,40,2
1,288,260,22,42,20,43,2
1,287,288,22,40,22,42,2
1,287,286,22,40,22,38,2
1,286,315,22,38,24,39,2
1,286,287,22,38,22,40,2
1,286,285,22,38,22,36,2
1,286,259,22,38,20,39,2
1,285,286,22,36,22,38,2
1,285,284,22,36,22,34,2
1,284,313,22,34,24,35,2
1,284,285,22,34,22,36,2
1,284,283,22,34,22,32,2
1,284,258,22,34,20,35,2
1,283,284,22,32,22,34,2
1,283,282,22,32,22,30,2
1,282,311,22,30,24,31,2
1,282,283,22,30,22,32,2
1,282,281,22,30,22,28,2
1,282,257,22,30,20,31,2
1,281,282,22,28,22,30,2
1,281,280,22,28,22,26,2
1,280,309,22,26,24,27,2
1,280,281,22,26,22,28,2
1,280,279,22,26,22,24,2
1,280,256,22,26,20,27,2
1,279,280,22,24,22,26,2
1,279,278,22,24,22,22,2
1,278,307,22,22,24,23,2
1,278,279,22,22,22,24,2
1,278,277,22,22,22,20,2
1,278,255,22,22,20,23,2
1,277,278,22,20,22,22,2
1,277,276,22,20,22,18,2
1,276,305,22,18,24,19,2
1,276,277,22,18,22,20,2
1,276,275,22,18,22,16,2
1,276,254,22,18,20,19,2
1,275,276,22,16,22,18,2
1,275,274,22,16,22,14,2
1,274,303,22,14,24,15,2
1,274,275,22,14,22,16,2
1,274,273,22,14,22,12,2
1,274,253,22,14,20,15,2
1,273,274,22,12,22,14,2
1,273,272,22,12,22,10,2
1,272,301,22,10,24,11,2
1,272,273,22,10,22,12,2
1,272,271,22,10,22,8,2
1,272,252,22,10,20,11,2
1,271,272,22,8,22,10,2
1,271,270,22,8,22,6,2
1,270,299,22,6,24,6,2
1,270,271,22,6,22,8,2
1,270,269,22,6,22,4,2
1,270,251,22,6,20,6,2
1,269,298,22,4,24,4,2
1,269,270,22,4,22,6,2
1,269,268,22,4,22,3,2
1,269,250,22,4,20,4,2
1,268,297,22,3,24,2,2
1,268,269,22,3,22,4,2
1,268,267,22,3,23,0,2
1,268,249,22,3,20,3,2
1,267,296,23,0,24,0,1.5
1,267,268,23,0,22,3,2
1,266,295,20,56,22,56,2
1,266,265,20,56,20,54,1.5
1,265,294,20,54,22,54,2
1,265,266,20,54,20,56,1.5
1,265,264,20,54,20,52,2
1,264,293,20,52,22,52,2
1,264,265,20,52,20,54,2
1,264,263,20,52,20,50,2
1,264,248,20,52,18,52,2
1,263,292,20,50,22,50,2
1,263,264,20,50,20,52,2
1,263,262,20,50,20,48,2
1,263,247,20,50,18,50,2
1,262,291,20,48,22,48,2
1,262,263,20,48,20,50,2
1,262,261,20,48,20,47,1.5
1,262,246,20,48,18,48,2
1,261,290,20,47,22,46,2
1,261,262,20,47,20,48,1.5
1,261,245,20,47,18,47,2
1,260,288,20,43,22,42,2
1,260,243,20,43,18,43,2
1,259,286,20,39,22,38,2
1,259,241,20,39,18,39,2
1,258,284,20,35,22,34,2
1,258,239,20,35,18,35,2
1,257,282,20,31,22,30,2
1,257,237,20,31,18,31,2
1,256,280,20,27,22,26,2
1,256,235,20,27,18,27,2
1,255,278,20,23,22,22,2
1,255,233,20,23,18,23,2
1,254,276,20,19,22,18,2
1,254,231,20,19,18,19,2
1,253,274,20,15,22,14,2
1,253,229,20,15,18,15,2
1,252,272,20,11,22,10,2
1,252,227,20,11,18,11,2
1,251,270,20,6,22,6,2
1,251,250,20,6,20,4,2
1,251,225,20,6,18,6,2
1,250,269,20,4,22,4,2
1,250,251,20,4,20,6,2
1,250,249,20,4,20,3,1.5
1,250,224,20,4,18,4,2
1,249,268,20,3,22,3,2
1,249,250,20,3,20,4,1.5
1,249,223,20,3,18,2,2
1,248,264,18,52,20,52,2
1,248,247,18,52,18,50,2
1,248,219,18,52,16,52,2
1,247,263,18,50,20,50,2
1,247,248,18,50,18,52,2
1,247,246,18,50,18,48,2
1,247,218,18,50,16,50,2
1,246,262,18,48,20,48,2
1,246,247,18,48,18,50,2
1,246,245,18,48,18,47,2
1,246,217,18,48,16,48,2
1,245,261,18,47,20,47,2
1,245,246,18,47,18,48,2
1,245,244,18,47,19,44,2
1,245,216,18,47,16,46,2
1,244,245,19,44,18,47,2
1,244,243,19,44,18,43,2
1,243,260,18,43,20,43,2
1,243,244,18,43,19,44,2
1,243,242,18,43,19,40,2
1,243,214,18,43,16,42,2
1,242,243,19,40,18,43,2
1,242,241,19,40,18,39,2
1,241,259,18,39,20,39,2
1,241,242,18,39,19,40,2
1,241,240,18,39,19,36,2
1,241,212,18,39,16,38,2
1,240,241,19,36,18,39,2
1,240,239,19,36,18,35,2
1,239,258,18,35,20,35,2
1,239,240,18,35,19,36,2
1,239,238,18,35,19,32,2
1,239,210,18,35,16,34,2
1,238,239,19,32,18,35,2
1,238,237,19,32,18,31,2
1,237,257,18,31,20,31,2
1,237,238,18,31,19,32,2
1,237,236,18,31,19,28,2
1,237,208,18,31,16,30,2
1,236,237,19,28,18,31,2
1,236,235,19,28,18,27,2
1,235,256,18,27,20,27,2
1,235,236,18,27,19,28,2
1,235,234,18,27,19,24,2
1,235,206,18,27,16,26,2
1,234,235,19,24,18,27,2
1,234,233,19,24,18,23,2
1,233,255,18,23,20,23,2
1,233,234,18,23,19,24,2
1,233,232,18,23,19,20,2
1,233,204,18,23,16,22,2
1,232,233,19,20,18,23,2
1,232,231,19,20,18,19,2
1,231,254,18,19,20,19,2
1,231,232,18,19,19,20,2
1,231,230,18,19,19,16,2
1,231,202,18,19,16,18,2
1,230,231,19,16,18,19,2
1,230,229,19,16,18,15,2
1,229,253,18,15,20,15,2
1,229,230,18,15,19,16,2
1,229,228,18,15,19,12,2
1,229,200,18,15,16,14,2
1,228,229,19,12,18,15,2
1,228,227,19,12,18,11,2
1,227,252,18,11,20,11,2
1,227,228,18,11,19,12,2
1,227,226,18,11,19,8,2
1,227,198,18,11,16,10,2
1,226,227,19,8,18,11,2
1,226,225,19,8,18,6,2
1,225,251,18,6,20,6,2
1,225,226,18,6,19,8,2
1,225,224,18,6,18,4,2
1,225,196,18,6,16,6,2
1,224,250,18,4,20,4,2
1,224,225,18,4,18,6,2
1,224,223,18,4,18,2,2
1,224,195,18,4,16,4,2
1,223,249,18,2,20,3,2
1,223,224,18,2,18,4,2
1,223,222,18,2,18,0,2
1,223,194,18,2,16,2,2
1,222,223,18,0,18,2,2
1,222,193,18,0,16,0,2
1,221,220,16,56,16,54,1.5
1,221,192,16,56,14,56,1.5
1,220,221,16,54,16,56,1.5
1,220,219,16,54,16,52,2
1,220,191,16,54,14,54,1.5
1,219,248,16,52,18,52,2
1,219,220,16,52,16,54,2
1,219,218,16,52,16,50,2
1,219,190,16,52,14,52,2
1,218,247,16,50,18,50,2
1,218,219,16,50,16,52,2
1,218,217,16,50,16,48,2
1,218,189,16,50,14,50,2
1,217,246,16,48,18,48,2
1,217,218,16,48,16,50,2
1,217,216,16,48,16,46,2
1,217,188,16,48,14,48,2
1,216,245,16,46,18,47,2
1,216,217,16,46,16,48,2
1,216,215,16,46,16,44,2
1,216,187,16,46,14,47,2
1,215,216,16,44,16,46,2
1,215,214,16,44,16,42,2
1,214,243,16,42,18,43,2
1,214,215,16,42,16,44,2
1,214,213,16,42,16,40,2
1,214,186,16,42,14,43,2
1,213,214,16,40,16,42,2
1,213,212,16,40,16,38,2
1,212,241,16,38,18,39,2
1,212,213,16,38,16,40,2
1,212,211,16,38,16,36,2
1,212,185,16,38,14,39,2
1,211,212,16,36,16,38,2
1,211,210,16,36,16,34,2
1,210,239,16,34,18,35,2
1,210,211,16,34,16,36,2
1,210,209,16,34,16,32,2
1,210,184,16,34,14,35,2
1,209,210,16,32,16,34,2
1,209,208,16,32,16,30,2
1,208,237,16,30,18,31,2
1,208,209,16,30,16,32,2
1,208,207,16,30,16,28,2
1,208,183,16,30,14,31,2
1,207,208,16,28,16,30,2
1,207,206,16,28,16,26,2
1,206,235,16,26,18,27,2
1,206,207,16,26,16,28,2
1,206,205,16,26,16,24,2
1,206,182,16,26,14,27,2
1,205,206,16,24,16,26,2
1,205,204,16,24,16,22,2
1,204,233,16,22,18,23,2
1,204,205,16,22,16,24,2
1,204,203,16,22,16,20,2
1,204,181,16,22,14,23,2
1,203,204,16,20,16,22,2
1,203,202,16,20,16,18,2
1,202,231,16,18,18,19,2
1,202,203,16,18,16,20,2
1,202,201,16,18,16,16,2
1,202,180,16,18,14,19,2
1,201,202,16,16,16,18,2
1,201,200,16,16,16,14,2
1,200,229,16,14,18,15,2
1,200,201,16,14,16,16,2
1,200,199,16,14,16,12,2
1,200,179,16,14,14,15,2
1,199,200,16,12,16,14,2
1,199,198,16,12,16,10,2
1,198,227,16,10,18,11,2
1,198,199,16,10,16,12,2
1,198,197,16,10,16,8,2
1,198,178,16,10,14,11,2
1,197,198,16,8,16,10,2
1,197,196,16,8,16,6,2
1,196,225,16,6,18,6,2
1,196,197,16,6,16,8,2
1,196,195,16,6,16,4,2
1,196,177,16,6,14,6,2
1,195,224,16,4,18,4,2
1,195,196,16,4,16,6,2
1,195,194,16,4,16,2,2
1,195,176,16,4,14,4,2
1,194,223,16,2,18,2,2
1,194,195,16,2,16,4,2
1,194,193,16,2,16,0,2
1,194,175,16,2,14,3,2
1,193,222,16,0,18,0,2
1,193,194,16,0,16,2,2
1,192,221,14,56,16,56,1.5
1,192,191,14,56,14,54,1.5
1,192,174,14,56,13,56,1.5
1,191,220,14,54,16,54,1.5
1,191,192,14,54,14,56,1.5
1,191,190,14,54,14,52,2
1,191,173,14,54,13,54,1.5
1,190,219,14,52,16,52,2
1,190,191,14,52,14,54,2
1,190,189,14,52,14,50,2
1,190,172,14,52,12,52,2
1,189,218,14,50,16,50,2
1,189,190,14,50,14,52,2
1,189,188,14,50,14,48,2
1,189,171,14,50,12,50,2
1,188,217,14,48,16,48,2
1,188,189,14,48,14,50,2
1,188,187,14,48,14,47,1.5
1,188,170,14,48,12,48,2
1,187,216,14,47,16,46,2
1,187,188,14,47,14,48,1.5
1,187,169,14,47,12,47,2
1,186,214,14,43,16,42,2
1,186,167,14,43,12,43,2
1,185,212,14,39,16,38,2
1,185,165,14,39,12,39,2
1,184,210,14,35,16,34,2
1,184,163,14,35,12,35,2
1,183,208,14,31,16,30,2
1,183,161,14,31,12,31,2
1,182,206,14,27,16,26,2
1,182,159,14,27,12,27,2
1,181,204,14,23,16,22,2
1,181,157,14,23,12,23,2
1,180,202,14,19,16,18,2
1,180,155,14,19,12,19,2
1,179,200,14,15,16,14,2
1,179,153,14,15,12,15,2
1,178,198,14,11,16,10,2
1,178,151,14,11,12,11,2
1,177,196,14,6,16,6,2
1,177,176,14,6,14,4,2
1,177,149,14,6,12,6,2
1,176,195,14,4,16,4,2
1,176,177,14,4,14,6,2
1,176,175,14,4,14,3,1.5
1,176,148,14,4,12,4,2
1,175,194,14,3,16,2,2
1,175,176,14,3,14,4,1.5
1,175,147,14,3,12,2,2
1,174,192,13,56,14,56,1.5
1,174,173,13,56,13,54,1.5
1,173,191,13,54,14,54,1.5
1,173,174,13,54,13,56,1.5
1,173,172,13,54,12,52,2
1,172,190,12,52,14,52,2
1,172,173,12,52,13,54,2
1,172,171,12,52,12,50,2
1,172,145,12,52,10,52,2
1,171,189,12,50,14,50,2
1,171,172,12,50,12,52,2
1,171,170,12,50,12,48,2
1,171,144,12,50,10,50,2
1,170,188,12,48,14,48,2
1,170,171,12,48,12,50,2
1,170,169,12,48,12,47,2
1,170,143,12,48,10,48,2
1,169,187,12,47,14,47,2
1,169,170,12,47,12,48,2
1,169,168,12,47,13,44,2
1,169,142,12,47,10,46,2
1,168,169,13,44,12,47,2
1,168,167,13,44,12,43,2
1,167,186,12,43,14,43,2
1,167,168,12,43,13,44,2
1,167,166,12,43,13,40,2
1,167,140,12,43,10,42,2
1,166,167,13,40,12,43,2
1,166,165,13,40,12,39,2
1,165,185,12,39,14,39,2
1,165,166,12,39,13,40,2
1,165,164,12,39,13,36,2
1,165,138,12,39,10,38,2
1,164,165,13,36,12,39,2
1,164,163,13,36,12,35,2
1,163,184,12,35,14,35,2
1,163,164,12,35,13,36,2
1,163,162,12,35,13,32,2
1,163,136,12,35,10,34,2
1,162,163,13,32,12,35,2
1,162,161,13,32,12,31,2
1,161,183,12,31,14,31,2
1,161,162,12,31,13,32,2
1,161,160,12,31,13,28,2
1,161,134,12,31,10,30,2
1,160,161,13,28,12,31,2
1,160,159,13,28,12,27,2
1,159,182,12,27,14,27,2
1,159,160,12,27,13,28,2
1,159,158,12,27,13,24,2
1,159,132,12,27,10,26,2
1,158,159,13,24,12,27,2
1,158,157,13,24,12,23,2
1,157,181,12,23,14,23,2
1,157,158,12,23,13,24,2
1,157,156,12,23,13,20,2
1,157,130,12,23,10,22,2
1,156,157,13,20,12,23,2
1,156,155,13,20,12,19,2
1,155,180,12,19,14,19,2
1,155,156,12,19,13,20,2
1,155,154,12,19,13,16,2
1,155,128,12,19,10,18,2
1,154,155,13,16,12,19,2
1,154,153,13,16,12,15,2
1,153,179,12,15,14,15,2
1,153,154,12,15,13,16,2
1,153,152,12,15,13,12,2
1,153,126,12,15,10,14,2
1,152,153,13,12,12,15,2
1,152,151,13,12,12,11,2
1,151,178,12,11,14,11,2
1,151,152,12,11,13,12,2
1,151,150,12,11,13,8,2
1,151,124,12,11,10,10,2
1,150,151,13,8,12,11,2
1,150,149,13,8,12,6,2
1,149,177,12,6,14,6,2
1,149,150,12,6,13,8,2
1,149,148,12,6,12,4,2
1,149,122,12,6,10,6,2
1,148,176,12,4,14,4,2
1,148,149,12,4,12,6,2
1,148,147,12,4,12,2,2
1,148,121,12,4,10,4,2
1,147,175,12,2,14,3,2
1,147,148,12,2,12,4,2
1,147,146,12,2,12,0,2
1,147,120,12,2,10,2,2
1,146,147,12,0,12,2,2
1,146,119,12,0,10,0,1.5
1,145,172,10,52,12,52,2
1,145,144,10,52,10,50,2
1,145,116,10,52,8,52,2
1,144,171,10,50,12,50,2
1,144,145,10,50,10,52,2
1,144,143,10,50,10,48,2
1,144,115,10,50,8,50,2
1,143,170,10,48,12,48,2
1,143,144,10,48,10,50,2
1,143,142,10,48,10,46,2
1,143,114,10,48,8,48,2
1,142,169,10,46,12,47,2
1,142,143,10,46,10,48,2
1,142,141,10,46,10,44,2
1,142,113,10,46,8,47,2
1,141,142,10,44,10,46,2
1,141,140,10,44,10,42,2
1,140,167,10,42,12,43,2
1,140,141,10,42,10,44,2
1,140,139,10,42,10,40,2
1,140,112,10,42,8,43,2
1,139,140,10,40,10,42,2
1,139,138,10,40,10,38,2
1,138,165,10,38,12,39,2
1,138,139,10,38,10,40,2
1,138,137,10,38,10,36,2
1,138,111,10,38,8,39,2
1,137,138,10,36,10,38,2
1,137,136,10,36,10,34,2
1,136,163,10,34,12,35,2
1,136,137,10,34,10,36,2
1,136,135,10,34,10,32,2
1,136,110,10,34,8,35,2
1,135,136,10,32,10,34,2
1,135,134,10,32,10,30,2
1,134,161,10,30,12,31,2
1,134,135,10,30,10,32,2
1,134,133,10,30,10,28,2
1,134,109,10,30,8,31,2
1,133,134,10,28,10,30,2
1,133,132,10,28,10,26,2
1,132,159,10,26,12,27,2
1,132,133,10,26,10,28,2
1,132,131,10,26,10,24,2
1,132,108,10,26,8,27,2
1,131,132,10,24,10,26,2
1,131,130,10,24,10,22,2
1,130,157,10,22,12,23,2
1,130,131,10,22,10,24,2
1,130,129,10,22,10,20,2
1,130,107,10,22,8,23,2
1,129,130,10,20,10,22,2
1,129,128,10,20,10,18,2
1,128,155,10,18,12,19,2
1,128,129,10,18,10,20,2
1,128,127,10,18,10,16,2
1,128,106,10,18,8,19,2
1,127,128,10,16,10,18,2
1,127,126,10,16,10,14,2
1,126,153,10,14,12,15,2
1,126,127,10,14,10,16,2
1,126,125,10,14,10,12,2
1,126,105,10,14,8,15,2
1,125,126,10,12,10,14,2
1,125,124,10,12,10,10,2
1,124,151,10,10,12,11,2
1,124,125,10,10,10,12,2
1,124,123,10,10,10,8,2
1,124,104,10,10,8,11,2
1,123,124,10,8,10,10,2
1,123,122,10,8,10,6,2
1,122,149,10,6,12,6,2
1,122,123,10,6,10,8,2
1,122,121,10,6,10,4,2
1,122,103,10,6,8,6,2
1,121,148,10,4,12,4,2
1,121,122,10,4,10,6,2
1,121,120,10,4,10,2,2
1,121,102,10,4,8,4,2
1,120,147,10,2,12,2,2
1,120,121,10,2,10,4,2
1,120,119,10,2,10,0,2
1,120,101,10,2,8,3,2
1,119,146,10,0,12,0,1.5
1,119,120,10,0,10,2,2
1,119,100,10,0,9,0,1.5
1,118,117,8,56,8,54,1.5
1,118,99,8,56,6,56,2
1,117,118,8,54,8,56,1.5
1,117,116,8,54,8,52,2
1,117,98,8,54,6,54,2
1,116,145,8,52,10,52,2
1,116,117,8,52,8,54,2
1,116,115,8,52,8,50,2
1,116,97,8,52,6,52,2
1,115,144,8,50,10,50,2
1,115,116,8,50,8,52,2
1,115,114,8,50,8,48,2
1,115,96,8,50,6,50,2
1,114,143,8,48,10,48,2
1,114,115,8,48,8,50,2
1,114,113,8,48,8,47,1.5
1,114,95,8,48,6,48,2
1,113,142,8,47,10,46,2
1,113,114,8,47,8,48,1.5
1,113,94,8,47,6,46,2
1,112,140,8,43,10,42,2
1,112,92,8,43,6,42,2
1,111,138,8,39,10,38,2
1,111,90,8,39,6,38,2
1,110,136,8,35,10,34,2
1,110,88,8,35,6,34,2
1,109,134,8,31,10,30,2
1,109,86,8,31,6,30,2
1,108,132,8,27,10,26,2
1,108,84,8,27,6,26,2
1,107,130,8,23,10,22,2
1,107,82,8,23,6,22,2
1,106,128,8,19,10,18,2
1,106,80,8,19,6,18,2
1,105,126,8,15,10,14,2
1,105,78,8,15,6,14,2
1,104,124,8,11,10,10,2
1,104,76,8,11,6,10,2
1,103,122,8,6,10,6,2
1,103,102,8,6,8,4,2
1,103,74,8,6,6,6,2
1,102,121,8,4,10,4,2
1,102,103,8,4,8,6,2
1,102,101,8,4,8,3,2
1,102,73,8,4,6,4,2
1,101,120,8,3,10,2,2
1,101,102,8,3,8,4,2
1,101,100,8,3,9,0,2
1,101,72,8,3,6,3,2
1,100,119,9,0,10,0,1.5
1,100,101,9,0,8,3,2
1,99,118,6,56,8,56,2
1,99,98,6,56,6,54,1.5
1,99,71,6,56,4,56,2
1,98,117,6,54,8,54,2
1,98,99,6,54,6,56,1.5
1,98,97,6,54,6,52,2
1,98,70,6,54,4,54,2
1,97,116,6,52,8,52,2
1,97,98,6,52,6,54,2
1,97,96,6,52,6,50,2
1,97,69,6,52,4,52,2
1,96,115,6,50,8,50,2
1,96,97,6,50,6,52,2
1,96,95,6,50,6,48,2
1,96,68,6,50,4,50,2
1,95,114,6,48,8,48,2
1,95,96,6,48,6,50,2
1,95,94,6,48,6,46,2
1,95,67,6,48,4,48,2
1,94,113,6,46,8,47,2
1,94,95,6,46,6,48,2
1,94,93,6,46,6,44,2
1,94,66,6,46,4,46,2
1,93,94,6,44,6,46,2
1,93,92,6,44,6,42,2
1,93,65,6,44,4,44,2
1,92,112,6,42,8,43,2
1,92,93,6,42,6,44,2
1,92,91,6,42,6,40,2
1,92,64,6,42,4,42,2
1,91,92,6,40,6,42,2
1,91,90,6,40,6,38,2
1,91,63,6,40,4,40,2
1,90,111,6,38,8,39,2
1,90,91,6,38,6,40,2
1,90,89,6,38,6,36,2
1,90,62,6,38,4,38,2
1,89,90,6,36,6,38,2
1,89,88,6,36,6,34,2
1,89,61,6,36,4,36,2
1,88,110,6,34,8,35,2
1,88,89,6,34,6,36,2
1,88,87,6,34,6,32,2
1,88,60,6,34,4,34,2
1,87,88,6,32,6,34,2
1,87,86,6,32,6,30,2
1,87,59,6,32,4,32,2
1,86,109,6,30,8,31,2
1,86,87,6,30,6,32,2
1,86,85,6,30,6,28,2
1,86,58,6,30,4,30,2
1,85,86,6,28,6,30,2
1,85,84,6,28,6,26,2
1,85,57,6,28,4,28,2
1,84,108,6,26,8,27,2
1,84,85,6,26,6,28,2
1,84,83,6,26,6,24,2
1,84,56,6,26,4,26,2
1,83,84,6,24,6,26,2
1,83,82,6,24,6,22,2
1,83,55,6,24,4,24,2
1,82,107,6,22,8,23,2
1,82,83,6,22,6,24,2
1,82,81,6,22,6,20,2
1,82,54,6,22,4,22,2
1,81,82,6,20,6,22,2
1,81,80,6,20,6,18,2
1,81,53,6,20,4,20,2
1,80,106,6,18,8,19,2
1,80,81,6,18,6,20,2
1,80,79,6,18,6,16,2
1,80,52,6,18,4,18,2
1,79,80,6,16,6,18,2
1,79,78,6,16,6,14,2
1,79,51,6,16,4,16,2
1,78,105,6,14,8,15,2
1,78,79,6,14,6,16,2
1,78,77,6,14,6,12,2
1,78,50,6,14,4,14,2
1,77,78,6,12,6,14,2
1,77,76,6,12,6,10,2
1,77,49,6,12,4,12,2
1,76,104,6,10,8,11,2
1,76,77,6,10,6,12,2
1,76,75,6,10,6,8,2
1,76,48,6,10,4,10,2
1,75,76,6,8,6,10,2
1,75,74,6,8,6,6,2
1,75,47,6,8,4,8,2
1,74,103,6,6,8,6,2
1,74,75,6,6,6,8,2
1,74,73,6,6,6,4,2
1,74,46,6,6,4,6,2
1,73,102,6,4,8,4,2
1,73,74,6,4,6,6,2
1,73,72,6,4,6,3,1.5
1,73,45,6,4,4,4,2
1,72,101,6,3,8,3,2
1,72,73,6,3,6,4,1.5
1,72,44,6,3,4,2,2
1,71,99,4,56,6,56,2
1,71,70,4,56,4,54,1.5
1,70,98,4,54,6,54,2
1,70,71,4,54,4,56,1.5
1,70,69,4,54,4,52,2
1,69,97,4,52,6,52,2
1,69,70,4,52,4,54,2
1,69,68,4,52,4,50,2
1,69,42,4,52,2,52,2
1,68,96,4,50,6,50,2
1,68,69,4,50,4,52,2
1,68,67,4,50,4,48,2
1,68,41,4,50,2,51,2
1,67,95,4,48,6,48,2
1,67,68,4,48,4,50,2
1,67,66,4,48,4,46,2
1,67,40,4,48,3,48,1.5
1,66,94,4,46,6,46,2
1,66,67,4,46,4,48,2
1,66,65,4,46,4,44,2
1,66,39,4,46,2,46,2
1,65,93,4,44,6,44,2
1,65,66,4,44,4,46,2
1,65,64,4,44,4,42,2
1,65,38,4,44,2,44,2
1,64,92,4,42,6,42,2
1,64,65,4,42,4,44,2
1,64,63,4,42,4,40,2
1,64,37,4,42,3,42,1.5
1,63,91,4,40,6,40,2
1,63,64,4,40,4,42,2
1,63,62,4,40,4,38,2
1,63,36,4,40,2,40,2
1,62,90,4,38,6,38,2
1,62,63,4,38,4,40,2
1,62,61,4,38,4,36,2
1,62,35,4,38,2,38,2
1,61,89,4,36,6,36,2
1,61,62,4,36,4,38,2
1,61,60,4,36,4,34,2
1,61,34,4,36,2,37,2
1,60,88,4,34,6,34,2
1,60,61,4,34,4,36,2
1,60,59,4,34,4,32,2
1,60,33,4,34,3,34,1.5
1,59,87,4,32,6,32,2
1,59,60,4,32,4,34,2
1,59,58,4,32,4,30,2
1,59,32,4,32,2,32,2
1,58,86,4,30,6,30,2
1,58,59,4,30,4,32,2
1,58,57,4,30,4,28,2
1,58,31,4,30,2,30,2
1,57,85,4,28,6,28,2
1,57,58,4,28,4,30,2
1,57,56,4,28,4,26,2
1,57,30,4,28,3,28,1.5
1,56,84,4,26,6,26,2
1,56,57,4,26,4,28,2
1,56,55,4,26,4,24,2
1,56,29,4,26,2,26,2
1,55,83,4,24,6,24,2
1,55,56,4,24,4,26,2
1,55,54,4,24,4,22,2
1,55,28,4,24,2,24,2
1,54,82,4,22,6,22,2
1,54,55,4,22,4,24,2
1,54,53,4,22,4,20,2
1,54,27,4,22,2,23,2
1,53,81,4,20,6,20,2
1,53,54,4,20,4,22,2
1,53,52,4,20,4,18,2
1,53,26,4,20,3,20,1.5
1,52,80,4,18,6,18,2
1,52,53,4,18,4,20,2
1,52,51,4,18,4,16,2
1,52,25,4,18,2,18,2
1,51,79,4,16,6,16,2
1,51,52,4,16,4,18,2
1,51,50,4,16,4,14,2
1,51,24,4,16,2,16,2
1,50,78,4,14,6,14,2
1,50,51,4,14,4,16,2
1,50,49,4,14,4,12,2
1,50,23,4,14,3,14,1.5
1,49,77,4,12,6,12,2
1,49,50,4,12,4,14,2
1,49,48,4,12,4,10,2
1,49,22,4,12,2,12,2
1,48,76,4,10,6,10,2
1,48,49,4,10,4,12,2
1,48,47,4,10,4,8,2
1,48,21,4,10,2,10,2
1,47,75,4,8,6,8,2
1,47,48,4,8,4,10,2
1,47,46,4,8,4,6,2
1,47,20,4,8,2,9,2
1,46,74,4,6,6,6,2
1,46,47,4,6,4,8,2
1,46,45,4,6,4,4,2
1,46,19,4,6,3,6,1.5
1,45,73,4,4,6,4,2
1,45,46,4,4,4,6,2
1,45,44,4,4,4,2,2
1,45,18,4,4,2,4,2
1,44,72,4,2,6,3,2
1,44,45,4,2,4,4,2
1,44,43,4,2,4,0,2
1,43,44,4,0,4,2,2
1,42,69,2,52,4,52,2
1,42,41,2,52,2,51,1.5
1,42,17,2,52,0,52,2
1,41,68,2,51,4,50,2
1,41,42,2,51,2,52,1.5
1,41,40,2,51,3,48,2
1,41,16,2,51,0,51,2
1,40,67,3,48,4,48,1.5
1,40,41,3,48,2,51,2
1,40,39,3,48,2,46,2
1,39,66,2,46,4,46,2
1,39,40,2,46,3,48,2
1,39,38,2,46,2,44,2
1,39,15,2,46,0,46,2
1,38,65,2,44,4,44,2
1,38,39,2,44,2,46,2
1,38,37,2,44,3,42,2
1,38,14,2,44,0,44,2
1,37,64,3,42,4,42,1.5
1,37,38,3,42,2,44,2
1,37,36,3,42,2,40,2
1,36,63,2,40,4,40,2
1,36,37,2,40,3,42,2
1,36,35,2,40,2,38,2
1,36,13,2,40,0,40,2
1,35,62,2,38,4,38,2
1,35,36,2,38,2,40,2
1,35,34,2,38,2,37,2
1,35,12,2,38,0,38,2
1,34,61,2,37,4,36,2
1,34,35,2,37,2,38,2
1,34,33,2,37,3,34,2
1,34,11,2,37,0,37,2
1,33,60,3,34,4,34,1.5
1,33,34,3,34,2,37,2
1,33,32,3,34,2,32,2
1,32,59,2,32,4,32,2
1,32,33,2,32,3,34,2
1,32,31,2,32,2,30,2
1,32,10,2,32,0,32,2
1,31,58,2,30,4,30,2
1,31,32,2,30,2,32,2
1,31,30,2,30,3,28,2
1,31,9,2,30,0,30,2
1,30,57,3,28,4,28,1.5
1,30,31,3,28,2,30,2
1,30,29,3,28,2,26,2
1,29,56,2,26,4,26,2
1,29,30,2,26,3,28,2
1,29,28,2,26,2,24,2
1,29,8,2,26,0,26,2
1,28,55,2,24,4,24,2
1,28,29,2,24,2,26,2
1,28,27,2,24,2,23,2
1,28,7,2,24,0,24,2
1,27,54,2,23,4,22,2
1,27,28,2,23,2,24,2
1,27,26,2,23,3,20,2
1,27,6,2,23,0,23,2
1,26,53,3,20,4,20,1.5
1,26,27,3,20,2,23,2
1,26,25,3,20,2,18,2
1,25,52,2,18,4,18,2
1,25,26,2,18,3,20,2
1,25,24,2,18,2,16,2
1,25,5,2,18,0,18,2
1,24,51,2,16,4,16,2
1,24,25,2,16,2,18,2
1,24,23,2,16,3,14,2
1,24,4,2,16,0,16,2
1,23,50,3,14,4,14,1.5
1,23,24,3,14,2,16,2
1,23,22,3,14,2,12,2
1,22,49,2,12,4,12,2
1,22,23,2,12,3,14,2
1,22,21,2,12,2,10,2
1,22,3,2,12,0,12,2
1,21,48,2,10,4,10,2
1,21,22,2,10,2,12,2
1,21,20,2,10,2,9,2
1,21,2,2,10,0,10,2
1,20,47,2,9,4,8,2
1,20,21,2,9,2,10,2
1,20,19,2,9,3,6,2
1,20,1,2,9,0,9,2
1,19,46,3,6,4,6,1.5
1,19,20,3,6,2,9,2
1,19,18,3,6,2,4,2
1,18,45,2,4,4,4,2
1,18,19,2,4,3,6,2
1,18,0,2,4,0,4,2
1,17,42,0,52,2,52,2
1,17,16,0,52,0,51,1
1,16,41,0,51,2,51,2
1,16,17,0,51,0,52,1
1,15,39,0,46,2,46,2
1,15,14,0,46,0,44,2
1,14,38,0,44,2,44,2
1,14,15,0,44,0,46,2
1,13,36,0,40,2,40,2
1,13,12,0,40,0,38,1.5
1,12,35,0,38,2,38,2
1,12,13,0,38,0,40,1.5
1,12,11,0,38,0,37,1.5
1,11,34,0,37,2,37,2
1,11,12,0,37,0,38,1.5
1,10,32,0,32,2,32,2
1,10,9,0,32,0,30,2
1,9,31,0,30,2,30,2
1,9,10,0,30,0,32,2
1,8,29,0,26,2,26,2
1,8,7,0,26,0,24,1.5
1,7,28,0,24,2,24,2
1,7,8,0,24,0,26,1.5
1,7,6,0,24,0,23,1.5
1,6,27,0,23,2,23,2
1,6,7,0,23,0,24,1.5
1,5,25,0,18,2,18,2
1,5,4,0,18,0,16,2
1,4,24,0,16,2,16,2
1,4,5,0,16,0,18,2
1,3,22,0,12,2,12,2
1,3,2,0,12,0,10,1.5
1,2,21,0,10,2,10,2
1,2,3,0,10,0,12,1.5
1,2,1,0,10,0,9,1.5
1,1,20,0,9,2,9,2
1,1,2,0,9,0,10,1.5
1,0,18,0,4,2,4,2
2,130,129,32,52,32,51,1
2,130,116,32,52,28,52,2.5
2,129,130,32,51,32,52,1
2,129,115,32,51,28,48,2.5
2,128,114,32,44,28,44,2.5
2,127,126,32,40,32,37,2.25
2,127,113,32,40,28,40,2.5
2,126,127,32,37,32,40,2.25
2,126,112,32,37,28,36,2.5
2,125,124,32,32,32,30,2
2,125,111,32,32,28,32,2.5
2,124,125,32,30,32,32,2
2,124,110,32,30,28,28,2.5
2,123,122,32,24,32,23,2.25
2,123,109,32,24,28,24,2.5
2,122,123,32,23,32,24,2.25
2,122,108,32,23,28,20,2.5
2,121,107,32,16,28,16,2.5
2,120,119,32,12,32,9,2.25
2,120,106,32,12,28,12,2.5
2,119,120,32,9,32,12,2.25
2,119,105,32,9,28,8,2.5
2,118,104,32,4,28,4,2.5
2,117,116,28,56,28,52,2.5
2,117,102,28,56,27,56,1
2,116,130,28,52,32,52,2.5
2,116,117,28,52,28,56,2.5
2,116,115,28,52,28,48,3.5
2,116,101,28,52,24,52,3.5
2,115,129,28,48,32,51,2.5
2,115,116,28,48,28,52,3.5
2,115,114,28,48,28,44,4
2,115,100,28,48,24,48,4
2,114,128,28,44,32,44,2.5
2,114,115,28,44,28,48,4
2,114,113,28,44,28,40,4
2,114,99,28,44,25,44,3.875
2,113,127,28,40,32,40,2.5
2,113,114,28,40,28,44,4
2,113,112,28,40,28,36,3.625
2,113,98,28,40,25,40,3.875
2,112,126,28,36,32,37,2.5
2,112,113,28,36,28,40,3.625
2,112,111,28,36,28,32,3.875
2,112,97,28,36,25,36,3.875
2,111,125,28,32,32,32,2.5
2,111,112,28,32,28,36,3.875
2,111,110,28,32,28,28,4
2,111,96,28,32,25,32,3.875
2,110,124,28,28,32,30,2.5
2,110,111,28,28,28,32,4
2,110,109,28,28,28,24,3.875
2,110,95,28,28,25,28,3.875
2,109,123,28,24,32,24,2.5
2,109,110,28,24,28,28,3.875
2,109,108,28,24,28,20,3.625
2,109,94,28,24,25,24,3.875
2,108,122,28,20,32,23,2.5
2,108,109,28,20,28,24,3.625
2,108,107,28,20,28,16,4
2,108,93,28,20,25,20,3.875
2,107,121,28,16,32,16,2.5
2,107,108,28,16,28,20,4
2,107,106,28,16,28,12,4
2,107,92,28,16,25,16,3.875
2,106,120,28,12,32,12,2.5
2,106,107,28,12,28,16,4
2,106,105,28,12,28,8,3.625
2,106,91,28,12,25,12,3.875
2,105,119,28,8,32,9,2.5
2,105,106,28,8,28,12,3.625
2,105,104,28,8,28,4,3.875
2,105,90,28,8,25,8,3.875
2,104,118,28,4,32,4,2.5
2,104,105,28,4,28,8,3.875
2,104,103,28,4,28,0,4
2,104,89,28,4,24,4,4
2,103,104,28,0,28,4,4
2,103,88,28,0,24,0,2.5
2,102,117,27,56,28,56,1
2,102,101,27,56,24,52,2.5
2,101,116,24,52,28,52,3.5
2,101,102,24,52,27,56,2.5
2,101,100,24,52,24,48,4
2,101,86,24,52,20,52,4
2,100,115,24,48,28,48,4
2,100,101,24,48,24,52,4
2,100,99,24,48,25,44,4
2,100,85,24,48,20,48,4
2,99,114,25,44,28,44,3.875
2,99,100,25,44,24,48,4
2,99,98,25,44,25,40,4
2,99,84,25,44,20,47,3.875
2,98,113,25,40,28,40,3.875
2,98,99,25,40,25,44,4
2,98,97,25,40,25,36,4
2,98,83,25,40,20,43,3.875
2,97,112,25,36,28,36,3.875
2,97,98,25,36,25,40,4
2,97,96,25,36,25,32,4
2,97,82,25,36,20,39,3.875
2,96,111,25,32,28,32,3.875
2,96,97,25,32,25,36,4
2,96,95,25,32,25,28,4
2,96,81,25,32,20,35,3.875
2,95,110,25,28,28,28,3.875
2,95,96,25,28,25,32,4
2,95,94,25,28,25,24,4
2,95,80,25,28,20,31,3.875
2,94,109,25,24,28,24,3.875
2,94,95,25,24,25,28,4
2,94,93,25,24,25,20,4
2,94,79,25,24,20,27,3.875
2,93,108,25,20,28,20,3.875
2,93,94,25,20,25,24,4
2,93,92,25,20,25,16,4
2,93,78,25,20,20,23,3.875
2,92,107,25,16,28,16,3.875
2,92,93,25,16,25,20,4
2,92,91,25,16,25,12,4
2,92,77,25,16,20,19,3.875
2,91,106,25,12,28,12,3.875
2,91,92,25,12,25,16,4
2,91,90,25,12,25,8,4
2,91,76,25,12,20,15,3.875
2,90,105,25,8,28,8,3.875
2,90,91,25,8,25,12,4
2,90,89,25,8,24,4,4
2,90,75,25,8,20,11,3.875
2,89,104,24,4,28,4,4
2,89,90,24,4,25,8,4
2,89,88,24,4,24,0,4
2,89,74,24,4,20,4,4
2,88,103,24,0,28,0,2.5
2,88,89,24,0,24,4,4
2,88,73,24,0,20,3,3.75
2,87,86,20,56,20,52,2.5
2,86,101,20,52,24,52,4
2,86,87,20,52,20,56,2.5
2,86,85,20,52,20,48,4
2,86,71,20,52,16,52,4
2,85,100,20,48,24,48,4
2,85,86,20,48,20,52,4
2,85,84,20,48,20,47,3.75
2,85,70,20,48,16,48,4
2,84,99,20,47,25,44,3.875
2,84,85,20,47,20,48,3.75
2,84,83,20,47,20,43,4
2,84,69,20,47,16,44,4
2,83,98,20,43,25,40,3.875
2,83,84,20,43,20,47,4
2,83,82,20,43,20,39,4
2,83,68,20,43,16,40,4
2,82,97,20,39,25,36,3.875
2,82,83,20,39,20,43,4
2,82,81,20,39,20,35,4
2,82,67,20,39,16,36,4
2,81,96,20,35,25,32,3.875
2,81,82,20,35,20,39,4
2,81,80,20,35,20,31,4
2,81,66,20,35,16,32,4
2,80,95,20,31,25,28,3.875
2,80,81,20,31,20,35,4
2,80,79,20,31,20,27,4
2,80,65,20,31,16,28,4
2,79,94,20,27,25,24,3.875
2,79,80,20,27,20,31,4
2,79,78,20,27,20,23,4
2,79,64,20,27,16,24,4
2,78,93,20,23,25,20,3.875
2,78,79,20,23,20,27,4
2,78,77,20,23,20,19,4
2,78,63,20,23,16,20,4
2,77,92,20,19,25,16,3.875
2,77,78,20,19,20,23,4
2,77,76,20,19,20,15,4
2,77,62,20,19,16,16,4
2,76,91,20,15,25,12,3.875
2,76,77,20,15,20,19,4
2,76,75,20,15,20,11,4
2,76,61,20,15,16,12,4
2,75,90,20,11,25,8,3.875
2,75,76,20,11,20,15,4
2,75,74,20,11,20,4,4
2,75,60,20,11,16,8,4
2,74,89,20,4,24,4,4
2,74,75,20,4,20,11,4
2,74,73,20,4,20,3,3.75
2,74,59,20,4,16,4,4
2,73,88,20,3,24,0,3.75
2,73,74,20,3,20,4,3.75
2,73,58,20,3,16,0,4
2,72,71,16,56,16,52,2.5
2,72,57,16,56,13,56,2.25
2,71,86,16,52,20,52,4
2,71,72,16,52,16,56,2.5
2,71,70,16,52,16,48,4
2,71,56,16,52,12,52,3.625
2,70,85,16,48,20,48,4
2,70,71,16,48,16,52,4
2,70,69,16,48,16,44,4
2,70,55,16,48,12,48,4
2,69,84,16,44,20,47,4
2,69,70,16,44,16,48,4
2,69,68,16,44,16,40,4
2,69,54,16,44,13,44,4
2,68,83,16,40,20,43,4
2,68,69,16,40,16,44,4
2,68,67,16,40,16,36,4
2,68,53,16,40,13,40,4
2,67,82,16,36,20,39,4
2,67,68,16,36,16,40,4
2,67,66,16,36,16,32,4
2,67,52,16,36,13,36,4
2,66,81,16,32,20,35,4
2,66,67,16,32,16,36,4
2,66,65,16,32,16,28,4
2,66,51,16,32,13,32,4
2,65,80,16,28,20,31,4
2,65,66,16,28,16,32,4
2,65,64,16,28,16,24,4
2,65,50,16,28,13,28,4
2,64,79,16,24,20,27,4
2,64,65,16,24,16,28,4
2,64,63,16,24,16,20,4
2,64,49,16,24,13,24,4
2,63,78,16,20,20,23,4
2,63,64,16,20,16,24,4
2,63,62,16,20,16,16,4
2,63,48,16,20,13,20,4
2,62,77,16,16,20,19,4
2,62,63,16,16,16,20,4
2,62,61,16,16,16,12,4
2,62,47,16,16,13,16,4
2,61,76,16,12,20,15,4
2,61,62,16,12,16,16,4
2,61,60,16,12,16,8,4
2,61,46,16,12,13,12,4
2,60,75,16,8,20,11,4
2,60,61,16,8,16,12,4
2,60,59,16,8,16,4,4
2,60,45,16,8,13,8,4
2,59,74,16,4,20,4,4
2,59,60,16,4,16,8,4
2,59,58,16,4,16,0,4
2,59,44,16,4,12,4,4
2,58,73,16,0,20,3,4
2,58,59,16,0,16,4,4
2,58,43,16,0,12,0,4
2,57,72,13,56,16,56,2.25
2,57,56,13,56,12,52,2.5
2,56,71,12,52,16,52,3.625
2,56,57,12,52,13,56,2.5
2,56,55,12,52,12,48,4
2,56,41,12,52,8,52,3.875
2,55,70,12,48,16,48,4
2,55,56,12,48,12,52,4
2,55,54,12,48,13,44,3.75
2,55,40,12,48,8,48,4
2,54,69,13,44,16,44,4
2,54,55,13,44,12,48,3.75
2,54,53,13,44,13,40,4
2,54,39,13,44,8,47,4
2,53,68,13,40,16,40,4
2,53,54,13,40,13,44,4
2,53,52,13,40,13,36,4
2,53,38,13,40,8,43,4
2,52,67,13,36,16,36,4
2,52,53,13,36,13,40,4
2,52,51,13,36,13,32,4
2,52,37,13,36,8,39,4
2,51,66,13,32,16,32,4
2,51,52,13,32,13,36,4
2,51,50,13,32,13,28,4
2,51,36,13,32,8,35,4
2,50,65,13,28,16,28,4
2,50,51,13,28,13,32,4
2,50,49,13,28,13,24,4
2,50,35,13,28,8,31,4
2,49,64,13,24,16,24,4
2,49,50,13,24,13,28,4
2,49,48,13,24,13,20,4
2,49,34,13,24,8,27,4
2,48,63,13,20,16,20,4
2,48,49,13,20,13,24,4
2,48,47,13,20,13,16,4
2,48,33,13,20,8,23,4
2,47,62,13,16,16,16,4
2,47,48,13,16,13,20,4
2,47,46,13,16,13,12,4
2,47,32,13,16,8,19,4
2,46,61,13,12,16,12,4
2,46,47,13,12,13,16,4
2,46,45,13,12,13,8,4
2,46,31,13,12,8,15,4
2,45,60,13,8,16,8,4
2,45,46,13,8,13,12,4
2,45,44,13,8,12,4,4
2,45,30,13,8,8,11,4
2,44,59,12,4,16,4,4
2,44,45,12,4,13,8,4
2,44,43,12,4,12,0,3.75
2,44,29,12,4,8,4,4
2,43,58,12,0,16,0,4
2,43,44,12,0,12,4,3.75
2,43,28,12,0,9,0,3.625
2,42,41,8,56,8,52,2.5
2,42,27,8,56,4,56,3
2,41,56,8,52,12,52,3.875
2,41,42,8,52,8,56,2.5
2,41,40,8,52,8,48,4
2,41,26,8,52,4,52,4
2,40,55,8,48,12,48,4
2,40,41,8,48,8,52,4
2,40,39,8,48,8,47,3.75
2,40,25,8,48,4,48,4
2,39,54,8,47,13,44,4
2,39,40,8,47,8,48,3.75
2,39,38,8,47,8,43,4
2,39,24,8,47,4,44,4
2,38,53,8,43,13,40,4
2,38,39,8,43,8,47,4
2,38,37,8,43,8,39,4
2,38,23,8,43,4,40,4
2,37,52,8,39,13,36,4
2,37,38,8,39,8,43,4
2,37,36,8,39,8,35,4
2,37,22,8,39,4,36,4
2,36,51,8,35,13,32,4
2,36,37,8,35,8,39,4
2,36,35,8,35,8,31,4
2,36,21,8,35,4,32,4
2,35,50,8,31,13,28,4
2,35,36,8,31,8,35,4
2,35,34,8,31,8,27,4
2,35,20,8,31,4,28,4
2,34,49,8,27,13,24,4
2,34,35,8,27,8,31,4
2,34,33,8,27,8,23,4
2,34,19,8,27,4,24,4
2,33,48,8,23,13,20,4
2,33,34,8,23,8,27,4
2,33,32,8,23,8,19,4
2,33,18,8,23,4,20,4
2,32,47,8,19,13,16,4
2,32,33,8,19,8,23,4
2,32,31,8,19,8,15,4
2,32,17,8,19,4,16,4
2,31,46,8,15,13,12,4
2,31,32,8,15,8,19,4
2,31,30,8,15,8,11,4
2,31,16,8,15,4,12,4
2,30,45,8,11,13,8,4
2,30,31,8,11,8,15,4
2,30,29,8,11,8,4,4
2,30,15,8,11,4,8,4
2,29,44,8,4,12,4,4
2,29,30,8,4,8,11,4
2,29,28,8,4,9,0,4
2,29,14,8,4,4,4,4
2,28,43,9,0,12,0,3.625
2,28,29,9,0,8,4,4
2,28,13,9,0,4,0,3.875
2,27,42,4,56,8,56,3
2,27,26,4,56,4,52,2.5
2,26,41,4,52,8,52,4
2,26,27,4,52,4,56,2.5
2,26,25,4,52,4,48,4
2,26,12,4,52,0,52,4
2,25,40,4,48,8,48,4
2,25,26,4,48,4,52,4
2,25,24,4,48,4,44,4
2,25,11,4,48,0,51,3.75
2,24,39,4,44,8,47,4
2,24,25,4,44,4,48,4
2,24,23,4,44,4,40,4
2,24,10,4,44,0,44,4
2,23,38,4,40,8,43,4
2,23,24,4,40,4,44,4
2,23,22,4,40,4,36,4
2,23,9,4,40,0,40,3.75
2,22,37,4,36,8,39,4
2,22,23,4,36,4,40,4
2,22,21,4,36,4,32,4
2,22,8,4,36,0,37,4
2,21,36,4,32,8,35,4
2,21,22,4,32,4,36,4
2,21,20,4,32,4,28,4
2,21,7,4,32,0,32,3.75
2,20,35,4,28,8,31,4
2,20,21,4,28,4,32,4
2,20,19,4,28,4,24,4
2,20,6,4,28,0,30,3.75
2,19,34,4,24,8,27,4
2,19,20,4,24,4,28,4
2,19,18,4,24,4,20,4
2,19,5,4,24,0,24,4
2,18,33,4,20,8,23,4
2,18,19,4,20,4,24,4
2,18,17,4,20,4,16,4
2,18,4,4,20,0,23,3.75
2,17,32,4,16,8,19,4
2,17,18,4,16,4,20,4
2,17,16,4,16,4,12,4
2,17,3,4,16,0,16,4
2,16,31,4,12,8,15,4
2,16,17,4,12,4,16,4
2,16,15,4,12,4,8,4
2,16,2,4,12,0,12,3.75
2,15,30,4,8,8,11,4
2,15,16,4,8,4,12,4
2,15,14,4,8,4,4,4
2,15,1,4,8,0,9,4
2,14,29,4,4,8,4,4
2,14,15,4,4,4,8,4
2,14,13,4,4,4,0,3.75
2,14,0,4,4,0,4,3.75
2,13,28,4,0,9,0,3.875
2,13,14,4,0,4,4,3.75
2,12,26,0,52,4,52,4
2,12,11,0,52,0,51,2.25
2,11,25,0,51,4,48,3.75
2,11,12,0,51,0,52,2.25
2,11,10,0,51,0,44,4
2,10,24,0,44,4,44,4
2,10,11,0,44,0,51,4
2,10,9,0,44,0,40,4
2,9,23,0,40,4,40,3.75
2,9,10,0,40,0,44,4
2,9,8,0,40,0,37,3.625
2,8,22,0,37,4,36,4
2,8,9,0,37,0,40,3.625
2,8,7,0,37,0,32,3.875
2,7,21,0,32,4,32,3.75
2,7,8,0,32,0,37,3.875
2,7,6,0,32,0,30,4
2,6,20,0,30,4,28,3.75
2,6,7,0,30,0,32,4
2,6,5,0,30,0,24,3.875
2,5,19,0,24,4,24,4
2,5,6,0,24,0,30,3.875
2,5,4,0,24,0,23,3.625
2,4,18,0,23,4,20,3.75
2,4,5,0,23,0,24,3.625
2,4,3,0,23,0,16,4
2,3,17,0,16,4,16,4
2,3,4,0,16,0,23,4
2,3,2,0,16,0,12,4
2,2,16,0,12,4,12,3.75
2,2,3,0,12,0,16,4
2,2,1,0,12,0,9,3.625
2,1,15,0,9,4,8,4
2,1,2,0,9,0,12,3.625
2,1,0,0,9,0,4,3.875
2,0,14,0,4,4,4,3.75
2,0,1,0,4,0,9,3.875
3,44,32,32,51,24,48,4.375
3,43,31,32,44,25,40,4.4375
3,42,41,32,40,32,37,2.25
3,42,31,32,40,25,40,4.4375
3,41,42,32,37,32,40,2.25
3,41,30,32,37,25,32,4.4375
3,40,39,32,32,32,30,2
3,40,30,32,32,25,32,4.4375
3,39,40,32,30,32,32,2
3,39,29,32,30,25,24,4.4375
3,38,37,32,24,32,23,2.25
3,38,29,32,24,25,24,4.4375
3,37,38,32,23,32,24,2.25
3,37,28,32,23,25,16,4.4375
3,36,28,32,16,25,16,4.4375
3,35,27,32,9,25,8,4.4375
3,34,26,32,4,24,0,4.125
3,33,32,27,56,24,48,4.375
3,32,44,24,48,32,51,4.375
3,32,33,24,48,27,56,4.375
3,32,31,24,48,25,40,7.875
3,32,23,24,48,16,48,7.875
3,31,43,25,40,32,44,4.4375
3,31,42,25,40,32,40,4.4375
3,31,32,25,40,24,48,7.875
3,31,30,25,40,25,32,7.78125
3,31,22,25,40,16,40,7.8125
3,30,41,25,32,32,37,4.4375
3,30,40,25,32,32,32,4.4375
3,30,31,25,32,25,40,7.78125
3,30,29,25,32,25,24,7.9375
3,30,21,25,32,16,32,7.8125
3,29,39,25,24,32,30,4.4375
3,29,38,25,24,32,24,4.4375
3,29,30,25,24,25,32,7.9375
3,29,28,25,24,25,16,7.78125
3,29,20,25,24,16,24,7.8125
3,28,37,25,16,32,23,4.4375
3,28,36,25,16,32,16,4.4375
3,28,29,25,16,25,24,7.78125
3,28,27,25,16,25,8,7.90625
3,28,19,25,16,16,16,7.8125
3,27,35,25,8,32,9,4.4375
3,27,28,25,8,25,16,7.90625
3,27,26,25,8,24,0,7.84375
3,27,18,25,8,16,8,7.8125
3,26,34,24,0,32,4,4.125
3,26,27,24,0,25,8,7.84375
3,26,17,24,0,16,0,7.5
3,25,23,20,56,16,48,4.5
3,24,23,16,56,16,48,4.5
3,24,16,16,56,13,56,2.25
3,23,32,16,48,24,48,7.875
3,23,25,16,48,20,56,4.5
3,23,24,16,48,16,56,4.5
3,23,22,16,48,16,40,7.875
3,23,14,16,48,8,48,7.78125
3,22,31,16,40,25,40,7.8125
3,22,23,16,40,16,48,7.875
3,22,21,16,40,16,32,8
3,22,13,16,40,8,43,8
3,21,30,16,32,25,32,7.8125
3,21,22,16,32,16,40,8
3,21,20,16,32,16,24,8
3,21,12,16,32,8,35,8
3,20,29,16,24,25,24,7.8125
3,20,21,16,24,16,32,8
3,20,19,16,24,16,16,8
3,20,11,16,24,8,27,8
3,19,28,16,16,25,16,7.8125
3,19,20,16,16,16,24,8
3,19,18,16,16,16,8,8
3,19,10,16,16,8,19,8
3,18,27,16,8,25,8,7.8125
3,18,19,16,8,16,16,8
3,18,17,16,8,16,0,7.9375
3,18,9,16,8,8,11,8
3,17,26,16,0,24,0,7.5
3,17,18,16,0,16,8,7.9375
3,17,8,16,0,9,0,7.90625
3,16,24,13,56,16,56,2.25
3,16,14,13,56,8,48,4.5
3,15,14,8,56,8,48,4.5
3,15,7,8,56,4,56,3
3,14,23,8,48,16,48,7.78125
3,14,16,8,48,13,56,4.5
3,14,15,8,48,8,56,4.5
3,14,13,8,48,8,43,7.75
3,14,6,8,48,0,51,7.90625
3,13,22,8,43,16,40,8
3,13,14,8,43,8,48,7.75
3,13,12,8,43,8,35,8
3,13,5,8,43,0,40,7.9375
3,12,21,8,35,16,32,8
3,12,13,8,35,8,43,8
3,12,11,8,35,8,27,8
3,12,4,8,35,0,32,7.9375
3,11,20,8,27,16,24,8
3,11,12,8,27,8,35,8
3,11,10,8,27,8,19,8
3,11,3,8,27,0,24,7.9375
3,10,19,8,19,16,16,8
3,10,11,8,19,8,27,8
3,10,9,8,19,8,11,8
3,10,2,8,19,0,16,7.9375
3,9,18,8,11,16,8,8
3,9,10,8,11,8,19,8
3,9,8,8,11,9,0,7.9375
3,9,1,8,11,0,9,7.9375
3,8,17,9,0,16,0,7.90625
3,8,9,9,0,8,11,7.9375
3,8,0,9,0,0,4,7.71875
3,7,15,4,56,8,56,3
3,7,6,4,56,0,51,4.0625
3,6,14,0,51,8,48,7.90625
3,6,7,0,51,4,56,4.0625
3,6,5,0,51,0,40,7.5625
3,5,13,0,40,8,43,7.9375
3,5,6,0,40,0,51,7.5625
3,5,4,0,40,0,32,7.78125
3,4,12,0,32,8,35,7.9375
3,4,5,0,32,0,40,7.78125
3,4,3,0,32,0,24,7.9375
3,3,11,0,24,8,27,7.9375
3,3,4,0,24,0,32,7.9375
3,3,2,0,24,0,16,7.78125
3,2,10,0,16,8,19,7.9375
3,2,3,0,16,0,24,7.78125
3,2,1,0,16,0,9,7.90625
3,1,9,0,9,8,11,7.9375
3,1,2,0,9,0,16,7.90625
3,1,0,0,9,0,4,7.71875
3,0,8,0,4,9,0,7.71875
3,0,1,0,4,0,9,7.71875
