epoch_s,rss_kb
1787856246,5648
1787856276,14879072
1787856306,17701080
1787856336,17701080
1787856366,17701080
1787856396,17701080
1787856426,17701080
1787856456,17780296
1787856486,17780296
1787856516,17780296
1787856546,17780296
1787856576,17780296
1787856606,17780296
1787856636,17780296
1787856666,17780296
1787856696,17780296
1787856726,17780296
1787856756,17780296
1787856786,17780296
1787856816,17780292
1787856846,17780292
1787856876,17780292
1787856906,17780292
1787856936,17780292
1787856966,17780292
1787856996,17780292
1787857026,17780292
1787857056,17780292
1787857086,17780292
1787857116,17780292
1787857146,17780292
1787857176,17780288
1787857206,17780288
1787857236,17780288
1787857266,17780288
1787857296,17780288
1787857326,17780288
1787857356,14950288
1787857386,17780260
1787857416,17780260
1787857446,17780260
1787857476,17780260
1787857506,17780260
1787857536,14938068
1787857566,17780256
1787857596,17780256
1787857626,17780256
1787857656,17780256
1787857686,17780256
1787857716,15272124
1787857747,17780252
1787857777,17780252
1787857807,17780252
1787857837,17780252
1787857867,17780252
1787857897,14360496
1787857927,17780224
1787857957,17780224
1787857987,17780224
1787858017,17780224
1787858047,17780224
1787858077,14166932
1787858107,17780216
1787858137,17780216
1787858167,17780216
1787858197,17780216
1787858227,17780216
1787858257,14275528
1787858287,17780188
1787858317,17780188
1787858347,17780188
1787858377,17780188
1787858407,17780188
1787858437,15908620
1787858467,17780180
1787858497,17780180
1787858527,17780180
1787858557,17780180
1787858587,17780180
1787858617,17780152
1787858647,17780152
1787858677,17780152
1787858707,17780152
1787858737,17780152
1787858767,17780152
1787858797,17780148
1787858827,17780148
1787858857,17780148
1787858887,17780148
1787858917,17780148
1787858947,17780148
1787858977,17780116
1787859007,17780116
1787859037,17780116
1787859067,17780116
1787859097,17780116
1787859127,14275528
1787859157,17780112
1787859187,17780112
1787859217,17780112
1787859247,17780112
1787859277,17780112
1787859307,17780080
1787859337,17780080
1787859367,17780080
1787859397,17780080
1787859427,17780080
1787859457,17780080
1787859487,17780076
1787859517,17780076
1787859547,17780076
1787859577,17780076
1787859607,17780076
1787859637,17780072
1787859668,17780072
1787859698,17780072
1787859728,17780072
1787859758,17780072
1787859788,17780072
1787859818,17780036
1787859848,17780036
1787859878,17780036
1787859908,17780036
1787859938,17780036
1787859968,17780032
1787859998,17780032
1787860028,17780032
1787860058,17780032
1787860088,17780032
1787860118,17780032
1787860148,17780004
1787860178,17780004
1787860208,17780004
1787860238,17780004
1787860268,17780004
1787860298,17780000
1787860328,17780000
1787860358,17780000
1787860388,17780000
1787860418,17780000
1787860448,17779996
1787860478,17779996
1787860508,17779996
1787860538,17779996
1787860568,17779996
1787860598,16804180
1787860628,17779968
1787860658,17779968
1787860688,17779968
1787860718,17779968
1787860748,17779968
1787860778,17779964
1787860808,17779964
1787860838,17779964
1787860868,17779964
1787860898,17779964
1787860928,17779932
1787860958,17779932
1787860988,17779932
1787861018,17779932
1787861048,17779932
1787861078,17779932
1787861108,17779932
1787861138,17779932
1787861168,17779932
1787861198,17779932
1787861228,17779928
1787861258,17779928
1787861288,17779928
1787861318,17779928
1787861348,17779928
1787861378,17779924
1787861408,17779924
1787861438,17779924
1787861468,17779924
1787861498,17779924
1787861528,17779896
1787861559,17779896
1787861589,17779896
1787861619,17779896
1787861649,17779896
1787861679,17779892
1787861709,17779892
1787861739,17779892
1787861769,17779892
1787861799,17779892
1787861829,17779888
1787861859,17779888
1787861889,17779888
1787861919,17779888
1787861949,17779888
1787861979,17779860
1787862009,17779860
1787862039,17779860
1787862069,17779860
1787862099,17779860
1787862129,17779860
1787862159,17779860
1787862189,17779860
1787862219,17779860
1787862249,17779860
1787862279,17779856
1787862309,17779856
1787862339,17779856
1787862369,17779856
1787862399,17779856
1787862429,17779852
1787862459,17779852
1787862489,17779852
1787862519,17779852
1787862549,17779852
1787862579,17779824
1787862609,17779824
1787862639,17779824
1787862669,17779824
1787862699,17779824
1787862729,17779824
1787862759,17779824
1787862789,17779824
1787862819,17779824
1787862849,17779824
1787862879,17779820
1787862909,17779820
1787862939,17779820
1787862969,17779820
1787862999,17779820
1787863029,17779820
1787863059,17779820
1787863089,17779820
1787863119,17779820
1787863149,14275528
1787863179,17779816
1787863209,17779816
1787863239,17779816
1787863269,17779816
1787863299,16289184
1787863329,17779808
1787863359,17779808
1787863389,17779808
1787863419,17779808
1787863449,17779788
1787863480,17779788
1787863510,17779788
1787863540,17779788
1787863570,17779788
1787863600,17779784
1787863630,17779784
1787863660,17779784
1787863690,17779784
1787863720,15522816
1787863750,17779784
1787863780,17779784
1787863810,17779784
1787863840,17779784
1787863870,17779780
1787863900,17779780
1787863930,17779780
1787863960,17779780
1787863990,17779780
1787864020,17779780
1787864050,17779780
1787864080,17779780
1787864110,17779780
1787864140,13841212
1787864170,17779780
1787864200,17779780
1787864230,17779780
1787864260,17779780
1787864290,16987208
1787864320,17779752
1787864350,17779752
1787864380,17779752
1787864410,17779752
1787864440,17779748
1787864470,17779748
1787864500,17779748
1787864530,17779748
1787864560,17779748
1787864590,17779748
1787864620,17779748
1787864650,17779748
1787864680,17779748
1787864710,15277896
1787864740,17779744
1787864770,17779744
1787864800,17779744
1787864830,17779744
1787864860,17779744
1787864890,17779744
1787864920,17779744
1787864950,17779744
1787864980,17779744
1787865010,17779744
1787865040,17779744
1787865070,17779744
1787865100,17779744
1787865130,17779744
1787865160,17779740
1787865190,17779740
1787865220,17779740
1787865250,17779740
1787865280,15199064
1787865310,17779740
1787865341,17779740
1787865371,17779740
1787865401,17779740
1787865431,17779740
1787865461,17779740
1787865491,17779740
1787865521,17779740
1787865551,17779740
1787865581,17779712
1787865611,17779712
1787865641,17779712
1787865671,17779712
1787865701,15970296
1787865731,17779712
1787865761,17779712
1787865791,17779712
1787865821,17779712
1787865851,15166340
1787865881,17779712
1787865911,17779712
1787865941,17779712
1787865971,17779712
1787866001,17779712
1787866031,17779712
1787866061,17779712
1787866091,17779712
1787866121,17779712
1787866151,17779708
1787866181,17779708
1787866211,17779708
1787866241,17779708
1787866271,17779708
1787866301,17779708
1787866331,17779708
1787866361,17779708
1787866391,17779708
1787866421,14275528
1787866451,17779708
1787866481,17779708
1787866511,17779708
1787866541,17779708
1787866571,17779708
1787866601,17779708
1787866631,17779708
1787866661,17779708
1787866691,13865200
1787866721,17779704
1787866751,17779704
1787866781,17779704
1787866811,17779704
1787866841,17779704
1787866871,17779704
1787866901,17779704
1787866931,17779704
1787866961,17779704
1787866991,17779704
1787867021,17779704
1787867051,17779704
1787867081,15915996
1787867111,17779704
1787867141,17779704
1787867171,17779704
1787867201,17779704
1787867231,17705464
1787867262,17779704
1787867292,17779704
1787867322,17779704
1787867352,17779704
1787867382,17779676
1787867412,17779676
1787867442,17779676
1787867472,17779676
1787867502,17779676
1787867532,17779676
1787867562,17779676
1787867592,17779676
1787867622,16267968
1787867652,17779676
1787867682,17779676
1787867712,17779676
1787867742,15719376
1787867772,17779676
1787867802,17779676
1787867832,17779676
1787867862,17779676
1787867892,17779676
1787867922,17779676
1787867952,17779676
1787867982,17779676
1787868012,17779672
1787868042,17779672
1787868072,17779672
1787868102,17779672
1787868132,17779672
1787868162,17779672
1787868192,17779672
1787868222,17779672
1787868252,17779672
1787868282,17779672
1787868312,17779672
1787868342,17779672
1787868372,17779672
1787868402,17779672
1787868432,17779672
1787868462,17779672
1787868492,17779672
1787868522,14003664
1787868552,17779672
1787868582,17779672
1787868612,17779672
1787868642,17779672
1787868672,17779672
1787868702,17779672
1787868732,17779672
1787868762,17779672
1787868792,17779672
1787868822,17779672
1787868852,17779672
1787868882,17779672
1787868912,16483924
1787868942,17779672
1787868972,17779672
1787869002,17779672
1787869032,15915984
1787869062,17779668
1787869092,17779668
1787869122,17779668
1787869152,17779668
1787869182,17779668
1787869213,17779668
1787869243,17779668
1787869273,17779668
1787869303,17779668
1787869333,17779668
1787869363,17779668
1787869393,17779668
1787869423,14570780
1787869453,17779668
1787869483,17779668
1787869513,17779668
1787869543,17779668
1787869573,17779668
1787869603,17779668
1787869633,17779668
1787869663,17779668
1787869693,17779668
1787869723,17779668
1787869753,17779668
1787869783,17779668
1787869813,17779668
1787869843,17779668
1787869873,17779668
1787869903,17779668
1787869933,17779668
1787869963,15601492
1787869993,17779668
1787870023,17779668
1787870053,17779668
1787870083,17779668
1787870113,17779668
1787870143,17779668
1787870173,17779668
1787870203,17779668
1787870233,13893096
1787870263,17779668
1787870293,17779668
1787870323,17779668
1787870353,17779668
1787870383,17779668
1787870413,17779668
1787870443,17779668
1787870473,17779668
1787870503,15457260
1787870533,17779668
1787870563,17779668
1787870593,17779668
1787870623,17779668
1787870653,17779640
1787870683,17779640
1787870713,17779640
1787870743,17779640
1787870773,15745864
1787870803,17779640
1787870833,17779640
1787870863,17779640
1787870893,17779640
1787870923,17779640
1787870953,17779640
1787870983,17779640
1787871013,17779640
1787871043,14649812
1787871073,17779640
1787871103,17779640
1787871134,17779640
1787871164,17779640
1787871194,17779640
1787871224,17779640
1787871254,17779640
1787871284,17779640
1787871314,14968336
1787871344,17779640
1787871374,17779640
1787871404,17779640
1787871434,17779640
1787871464,17779640
1787871494,17779640
1787871524,17779640
1787871554,17779640
1787871584,15719352
1787871614,17779640
1787871644,17779640
1787871674,17779640
1787871704,17779640
1787871734,17779640
1787871764,17779640
1787871794,17779640
1787871824,17779640
1787871854,17779640
1787871884,17779640
1787871914,17779640
1787871944,17779640
1787871974,17779640
1787872004,15589108
1787872034,17779640
1787872064,17779640
1787872094,17779640
1787872124,17779640
1787872154,17779640
1787872184,17779640
1787872214,17779640
1787872244,17779640
1787872274,15891100
1787872304,17779640
1787872334,17779640
1787872364,17779640
1787872394,17779640
1787872424,17779640
1787872454,17779640
1787872484,17779640
1787872514,17779640
1787872544,15327420
1787872574,17779640
1787872604,17779640
1787872634,17779640
1787872664,17779640
1787872694,17779636
1787872724,17779636
1787872754,17779636
1787872784,17779636
1787872814,14580064
1787872844,17779636
1787872874,17779636
1787872904,17779636
1787872934,17779636
1787872964,17779636
1787872994,17779636
1787873024,17779636
1787873055,17779636
1787873085,17779636
1787873115,17779636
1787873145,17779636
1787873175,17779636
1787873205,17779636
1787873235,17779636
1787873265,17779636
1787873295,17779636
1787873325,17779636
1787873355,17779636
1787873385,17779636
1787873415,17779636
1787873445,17779636
1787873475,17779636
1787873505,17779636
1787873535,17779636
1787873565,17779636
1787873595,17779636
1787873625,17779636
1787873655,17779636
1787873685,17779636
1787873715,17779636
1787873745,17779636
1787873775,17779636
1787873805,17779636
1787873835,17779636
1787873865,17779636
1787873895,17779636
1787873925,17779636
1787873955,17779636
1787873985,17779636
1787874015,17779636
1787874045,17779636
1787874075,14935024
1787874105,17779636
1787874135,17779636
1787874165,17779636
1787874195,17779636
1787874225,17779636
1787874255,17779636
1787874285,17779636
1787874315,17779636
1787874345,17779636
1787874375,17779636
1787874405,17779636
1787874435,17779636
1787874465,17779636
1787874495,15952968
1787874525,17779636
1787874555,17779636
1787874585,17779636
1787874615,17779636
1787874645,17779636
1787874675,17779636
1787874705,17779636
1787874735,17779636
1787874765,17779636
1787874795,17779636
1787874825,17779636
1787874855,17779636
1787874885,17779636
1787874915,14711584
1787874946,17779636
1787874976,17779636
1787875006,17779636
1787875036,17779636
1787875066,17779636
1787875096,17779636
1787875126,17779636
1787875156,17779636
1787875186,16029036
1787875216,17779636
1787875246,17779636
1787875276,17779636
1787875306,17779636
1787875336,17779636
1787875366,17779636
1787875396,17779636
1787875426,17779636
1787875456,14940204
1787875486,17779636
1787875516,17779636
1787875546,17779636
1787875576,17779636
1787875606,17779636
1787875636,17779636
1787875666,17779636
1787875696,17779636
1787875726,14275528
1787875756,17779636
1787875786,17779636
1787875816,17779636
1787875846,17779636
1787875876,17779636
1787875906,17779636
1787875936,17779636
1787875966,17779636
1787875996,15337624
1787876026,17779636
1787876056,17779636
1787876086,17779636
1787876116,17779636
1787876146,17779636
1787876176,17779636
1787876206,17779636
1787876236,17779636
1787876266,17779636
