level,pair,start,goal,true_dist,coarse_len,coarse_expanded,coarse_ms,lift_ms,lifted_cells,fail_level,fail_reason,endpoints_wrong,used_fallback,fallback_ok,fallback_ms,final_len,valid
2,0,2010448,7813185,3537,886,295218,165.415,105.556,3545,-1,ok,1,1,0,103.698,-1,0
2,1,12579166,9078023,1568,394,56890,25.7792,106.617,1583,-1,ok,1,1,0,105.479,-1,0
2,2,1333590,4439595,1414,354,83754,39.2077,131.639,1427,-1,ok,1,1,0,130.696,-1,0
2,3,3773467,3914009,3647,914,333303,208.771,86.1399,3659,-1,ok,1,1,0,84.4417,-1,0
2,4,3313148,2503221,1216,310,73872,34.9488,49.2644,1239,-1,ok,1,1,1,48.4482,1216,1
2,5,7140541,10774717,1925,483,159464,89.3836,114.483,1957,-1,ok,1,1,0,113.255,-1,0
2,6,8187875,9706060,1310,329,93571,47.3891,55.7362,1317,-1,ok,1,1,1,54.6031,1310,1
2,7,9627843,9885990,3738,935,305028,186.451,140.047,3785,-1,ok,1,1,0,138.075,-1,0
2,8,7658869,7341623,669,168,34236,15.6593,44.1733,673,-1,ok,1,1,1,43.59,669,1
2,9,9079560,12955119,2601,652,197413,119.427,106.821,2637,-1,ok,1,1,0,105.225,-1,0
2,10,3021799,6079542,2013,506,112234,52.197,95.8431,2039,-1,ok,1,1,0,94.7026,-1,0
2,11,3809714,13009546,3762,942,251896,154.11,92.6653,3779,-1,ok,1,1,0,90.4908,-1,0
2,12,8103489,7107447,2089,523,95943,48.8975,122.22,2101,-1,ok,1,1,0,120.946,-1,0
2,13,2332859,8426127,4263,1135,349373,215.494,113.545,4577,-1,ok,1,1,0,111.201,-1,0
2,14,12044454,2416847,4675,1170,369135,257.864,122.943,4685,-1,ok,1,1,0,120.484,-1,0
2,15,7549516,3032970,3582,897,271903,165.413,119.617,3602,-1,ok,1,1,0,117.643,-1,0
2,16,12927868,12892271,2462,617,128123,62.9289,101.682,2465,-1,ok,1,1,0,100.433,-1,0
2,17,9833831,12288662,2580,646,141253,72.2757,137.247,2611,-1,ok,1,1,0,135.911,-1,0
2,18,6814149,9852082,1202,302,49478,22.4517,68.0923,1219,-1,ok,1,1,1,66.712,1202,1
2,19,9528140,2664047,3318,831,229955,141.701,104.706,3355,-1,ok,1,1,0,102.762,-1,0
2,20,6495471,7529905,2441,611,200300,115.612,105.743,2461,-1,ok,1,1,0,104.413,-1,0
2,21,12325382,10067215,1607,402,52457,23.4106,102.965,1633,-1,ok,1,1,0,101.939,-1,0
2,22,3585937,1775879,2463,617,119710,58.9702,133.316,2467,-1,ok,1,1,0,132.098,-1,0
2,23,11721680,9491931,1321,331,45402,20.8064,60.8903,1341,-1,ok,1,1,1,59.4179,1321,1
2,24,3621375,11317103,3740,937,356331,235.928,124.849,3753,-1,ok,1,1,0,122.775,-1,0
2,25,5575100,6646560,1919,482,152947,82.8706,107,1937,-1,ok,1,1,0,106.025,-1,0
2,26,6158980,12807081,2860,715,199166,119.181,135.151,2871,-1,ok,1,1,0,133.291,-1,0
2,27,11764863,10921693,884,221,52273,24.6138,27.9594,883,-1,ok,1,1,1,27.3445,884,1
2,28,10694273,1537590,4589,1148,372499,242.261,124.564,4634,-1,ok,1,1,0,122.056,-1,0
2,29,12581368,7643768,4098,1026,279279,162.527,130.809,4111,-1,ok,1,1,0,128.622,-1,0
2,30,13030402,12409999,2438,611,157315,83.6926,55.5661,2443,-1,ok,1,1,1,54.0154,2438,1
2,31,12223295,6275531,3837,961,273083,156.265,126.856,3867,-1,ok,1,1,0,124.772,-1,0
2,32,5623637,12139279,3038,762,302678,175.084,144.575,3068,-1,ok,1,1,0,142.66,-1,0
2,33,8035053,1444783,3156,789,272241,157.839,112.992,3163,-1,ok,1,1,0,111.114,-1,0
2,34,2880048,10213702,3461,867,254510,132.002,100.676,3497,-1,ok,1,1,0,98.6684,-1,0
2,35,1385201,11261247,4005,1003,299235,145.361,126.817,4043,-1,ok,1,1,0,124.436,-1,0
2,36,6948283,3518629,1448,364,76366,36.9185,131.674,1457,-1,ok,1,1,0,130.745,-1,0
2,37,13034387,859878,5685,1423,401622,235.025,98.2982,0,1,length_cap,0,1,0,95.439,-1,0
2,38,1686729,1918309,506,127,18971,7.87255,12.3169,506,-1,ok,1,1,1,12.0079,506,1
2,39,2222597,11499473,5854,1464,387982,240.277,117.65,0,1,length_cap,0,1,0,114.781,-1,0
2,40,5141411,11134502,4288,1076,373580,257.11,131.605,4343,-1,ok,1,1,0,129.215,-1,0
2,41,12465838,7448178,2144,536,103616,50.014,100.182,2141,-1,ok,1,1,0,98.8283,-1,0
2,42,10661203,8840327,3818,954,312298,200.823,113.023,3831,-1,ok,1,1,0,110.847,-1,0
2,43,9236823,3376857,2492,625,139526,74.4204,116.17,2517,-1,ok,1,1,0,114.609,-1,0
2,44,6505621,5115520,816,205,30833,14.3654,0.82055,833,-1,ok,0,0,0,0,832,1
2,45,7224318,3455553,1884,473,124373,67.0856,106.746,1889,-1,ok,1,1,0,105.681,-1,0
2,46,3577892,1190856,1756,440,108101,54.4906,131.749,1761,-1,ok,1,1,0,130.692,-1,0
2,47,3204941,3810580,2880,722,190580,107.624,98.9561,2889,-1,ok,1,1,0,97.5044,-1,0
2,48,4180108,8576223,2054,514,175184,107.066,122.333,2058,-1,ok,1,1,0,121.011,-1,0
2,49,12353729,2809446,3785,948,275935,160.561,126.302,3819,-1,ok,1,1,0,124.042,-1,0
2,50,8395975,2625599,2116,530,172588,105.525,119.447,2127,-1,ok,1,1,0,118.088,-1,0
2,51,5493528,7925047,1515,379,75535,37.574,54.7105,1514,-1,ok,1,1,1,53.1938,1515,1
2,52,9212910,11487380,2518,630,181603,107.368,101.156,2530,-1,ok,1,1,0,99.6198,-1,0
2,53,12285366,6402468,2738,685,186439,99.7156,129.819,2750,-1,ok,1,1,0,128.031,-1,0
2,54,6487042,3141638,3876,971,319151,200.452,122.981,3891,-1,ok,1,1,0,121.043,-1,0
2,55,8016532,6159621,865,221,49190,23.1239,43.2003,888,-1,ok,1,1,1,42.2908,865,1
2,56,5515103,10522115,2043,512,165520,92.4968,109.214,2053,-1,ok,1,1,0,107.849,-1,0
2,57,2476815,12608832,4271,1071,321938,174.339,101.628,4309,-1,ok,1,1,0,99.1099,-1,0
2,58,12456431,7340845,2238,560,125612,63.0324,113.102,2247,-1,ok,1,1,0,111.583,-1,0
2,59,922742,2055692,666,167,21892,9.75583,36.4547,669,-1,ok,1,1,1,35.843,666,1
2,60,11194911,9705957,3585,899,192624,112.129,133.371,3639,-1,ok,1,1,0,131.587,-1,0
2,61,6036526,5702403,1491,374,126900,67.9737,41.4903,1507,-1,ok,1,1,1,40.7381,1491,1
2,62,11101203,2544770,3426,857,255933,155.656,119.415,3453,-1,ok,1,1,0,117.366,-1,0
2,63,5493528,5459277,708,178,20846,9.25667,0.443812,711,-1,ok,0,0,0,0,710,1
2,64,2388947,10947782,3371,844,223986,129.924,121.344,3395,-1,ok,1,1,0,119.1,-1,0
2,65,7831705,6396759,719,183,29960,13.1564,41.5276,730,-1,ok,1,1,1,40.8625,719,1
2,66,842069,12916554,4284,1074,273644,156.834,135.035,4307,-1,ok,1,1,0,132.452,-1,0
2,67,4850422,11280298,4704,1177,384462,260.814,132.707,4717,-1,ok,1,1,0,130.479,-1,0
2,68,11488163,10653983,1116,280,48864,22.7959,45.3665,1119,-1,ok,1,1,1,44.5725,1116,1
2,69,7579596,8228212,230,58,4945,2.07919,4.94008,230,-1,ok,1,1,1,4.7108,230,1
2,70,12001610,2787829,4759,1192,350657,200.22,105.825,4821,-1,ok,1,1,0,103.274,-1,0
2,71,5742610,2055291,1316,331,104502,54.5698,55.5625,1323,-1,ok,1,1,1,54.231,1316,1
2,72,11880582,8295471,3634,909,224479,129.597,132.455,3659,-1,ok,1,1,0,130.598,-1,0
2,73,10473387,2457266,4575,1145,352136,234.103,113.813,4587,-1,ok,1,1,0,111.17,-1,0
2,74,5956582,6913395,1978,494,130203,71.0558,112.581,1995,-1,ok,1,1,0,111.487,-1,0
2,75,6219946,5564489,847,213,54705,26.8766,32.9881,862,-1,ok,1,1,1,32.4277,847,1
2,76,2081440,12382609,4688,1172,361193,220.895,108.158,4705,-1,ok,1,1,0,105.478,-1,0
2,77,1691073,3744093,1693,424,102292,47.1325,1.42111,1696,-1,ok,0,0,0,0,1695,1
2,78,8817198,3986522,2108,528,166992,93.0848,117.365,2117,-1,ok,1,1,0,116.091,-1,0
2,79,7948753,9167683,453,114,16737,7.34995,17.3201,454,-1,ok,1,1,1,16.8261,453,1
2,80,5933167,1809128,2017,504,176852,101.83,107.317,2030,-1,ok,1,1,0,106.084,-1,0
2,81,6966816,6407311,457,116,13850,5.94197,9.60656,463,-1,ok,1,1,1,9.25723,457,1
2,82,2476107,12023992,4640,1161,305502,170.33,108.832,4658,-1,ok,1,1,0,106.139,-1,0
2,83,4767722,2408797,4057,1014,346540,226.734,101.675,4067,-1,ok,1,1,0,99.6325,-1,0
2,84,3731350,7191902,4549,1137,337936,212.343,102.389,4585,-1,ok,1,1,0,100.36,-1,0
2,85,7691974,1423542,4300,1075,393401,252.761,116.147,4299,-1,ok,1,1,0,114.012,-1,0
2,86,12485877,3126737,5189,1298,360506,234.538,107.745,0,1,length_cap,0,1,0,105.055,-1,0
2,87,6909604,7200447,137,34,2075,0.838342,2.35935,134,-1,ok,1,1,1,2.22499,137,1
2,88,3904717,10577072,2759,692,255502,157.585,140.739,2788,-1,ok,1,1,0,139.01,-1,0
2,89,8340124,3901242,2357,596,190476,116.56,115.486,2406,-1,ok,1,1,0,114.022,-1,0
2,90,4075443,11878759,2915,729,234548,147.792,110.671,2919,-1,ok,1,1,0,108.801,-1,0
2,91,9913504,3945960,2821,707,210652,128.722,124.193,2855,-1,ok,1,1,0,122.471,-1,0
2,92,7849946,5842851,2633,660,180115,116.198,110.943,2667,-1,ok,1,1,1,108.848,2633,1
2,93,2178665,5515989,2531,635,200176,112.569,101.903,2556,-1,ok,1,1,0,100.588,-1,0
2,94,10144368,3695934,2736,685,194064,119.616,120.137,2762,-1,ok,1,1,0,118.424,-1,0
2,95,6149849,6790259,1164,292,49567,23.2825,59.6824,1175,-1,ok,1,1,1,58.6749,1164,1
2,96,12359415,9961757,1197,299,42880,19.4189,52.6686,1194,-1,ok,1,1,1,51.3936,1197,1
2,97,12611329,8437561,4181,1047,281941,167.629,133.987,4197,-1,ok,1,1,0,131.891,-1,0
2,98,1865682,9892253,3390,848,273716,136.25,129.402,3399,-1,ok,1,1,0,127.372,-1,0
2,99,6903382,7042632,3042,760,310601,205.748,117.674,3058,-1,ok,1,1,0,116.221,-1,0
2,100,6037001,13035985,3913,981,395694,255.053,134.311,3940,-1,ok,1,1,0,132.144,-1,0
2,101,11432291,5361289,3782,946,287541,152.886,113.579,3825,-1,ok,1,1,0,111.385,-1,0
2,102,2095814,12208510,5712,1429,384292,244.26,119.251,0,1,length_cap,0,1,0,116.491,-1,0
2,103,3721245,10043794,1835,460,137518,76.9206,75.4249,1851,-1,ok,1,1,1,72.783,1835,1
2,104,1875949,12219863,5866,1467,392840,246.501,122.862,0,1,length_cap,0,1,0,120.113,-1,0
2,105,5433877,7370783,2174,545,183796,107.684,139.903,2197,-1,ok,1,1,0,138.848,-1,0
2,106,6966746,1889450,2024,508,167365,97.8085,125.037,2045,-1,ok,1,1,0,123.731,-1,0
2,107,12074479,9935930,3204,801,168084,86.6478,134.897,3207,-1,ok,1,1,0,133.256,-1,0
2,108,8171471,10094437,1272,320,35981,15.3541,29.2037,1276,-1,ok,1,1,1,28.1975,1272,1
2,109,1583977,12290737,4150,1039,280646,161.945,4.65661,4167,-1,ok,0,0,0,0,4166,1
2,110,8541711,3431022,2128,533,177160,106.129,114.296,2152,-1,ok,1,1,0,112.886,-1,0
2,111,945097,9503748,3693,924,271792,131.931,3.92418,3710,-1,ok,0,0,0,0,3709,1
2,112,3658695,5318513,1491,373,101617,56.1263,78.9988,1507,-1,ok,1,1,1,77.7878,1491,1
2,113,2754585,3947626,401,101,15549,6.45299,12.1531,401,-1,ok,1,1,1,11.7927,401,1
2,114,10502174,11667585,3041,762,196205,120.278,85.1713,3087,-1,ok,1,1,0,83.5464,-1,0
2,115,10268480,11331403,3940,986,319178,194.256,113.755,3985,-1,ok,1,1,0,111.603,-1,0
2,116,7825845,1762847,4321,1081,382660,262.345,126.338,4335,-1,ok,1,1,0,124.289,-1,0
2,117,3362086,11653233,3339,836,225177,134.047,139.047,3355,-1,ok,1,1,0,137.051,-1,0
2,118,10389453,7350623,1413,355,68729,31.4157,98.2254,1421,-1,ok,1,1,1,96.6661,1413,1
2,119,4506435,6736068,887,223,36334,16.9653,33.1732,899,-1,ok,1,1,1,32.34,887,1
2,120,5929329,12497247,3028,759,296981,172.67,140.528,3045,-1,ok,1,1,0,138.639,-1,0
2,121,12410185,7574644,2088,523,81930,36.3568,129.852,2094,-1,ok,1,1,0,128.485,-1,0
2,122,12229428,5440651,2956,742,217170,116.953,129.204,2977,-1,ok,1,1,0,127.295,-1,0
2,123,1780250,9157158,3337,835,261863,129.632,122.157,3351,-1,ok,1,1,0,120.231,-1,0
2,124,11302776,5692962,4744,1187,374225,255.389,132.25,4757,-1,ok,1,1,0,130.077,-1,0
2,125,1768886,1792417,1169,294,62831,27.9342,3.84868,1174,-1,ok,1,1,1,3.22711,1169,1
2,126,9050045,1934388,5350,1338,396844,267.007,135.898,0,1,length_cap,0,1,0,133.112,-1,0
2,127,1820605,6200831,1903,476,131043,65.6664,142.977,1904,-1,ok,1,1,0,141.785,-1,0
2,128,10430467,2988856,2977,744,161320,87.2264,113.402,3002,-1,ok,1,1,0,111.571,-1,0
2,129,2439228,6156068,1623,406,109146,57.2673,139.71,1629,-1,ok,1,1,0,138.659,-1,0
2,130,1319267,7253584,2673,669,121774,58.465,142.159,2696,-1,ok,1,1,0,140.577,-1,0
2,131,7196925,2454290,2503,626,233190,140.125,124.32,2509,-1,ok,1,1,0,122.823,-1,0
2,132,13030402,3456903,3403,852,247480,144.004,136.825,3413,-1,ok,1,1,0,134.662,-1,0
2,133,4224358,1052088,1611,403,98584,52.5398,118.187,1623,-1,ok,1,1,0,117.168,-1,0
2,134,12080206,7454087,2122,532,120333,59.5019,114.349,2131,-1,ok,1,1,0,112.864,-1,0
2,135,2068522,1574689,1869,468,91832,42.644,94.8245,1875,-1,ok,1,1,1,93.8096,1869,1
2,136,10842340,7134907,3574,985,286905,161.877,105.378,3953,-1,ok,1,1,0,103.112,-1,0
2,137,2045569,12750493,5410,1356,401009,246.015,127.842,0,1,length_cap,0,1,0,125.13,-1,0
2,138,1691283,1726949,1624,406,97175,46.8379,8.62195,1621,-1,ok,1,1,1,7.76701,1624,1
2,139,2267658,6664151,2812,706,219981,130.609,125.814,2821,-1,ok,1,1,0,124.25,-1,0
2,140,5981077,11521702,3639,910,358896,231.9,134.182,3668,-1,ok,1,1,0,132.029,-1,0
2,141,6905897,5956763,2217,553,182881,108.844,96.5314,2234,-1,ok,1,1,0,95.3199,-1,0
2,142,3746090,7542891,3910,977,284371,180.4,111.704,3941,-1,ok,1,1,0,109.775,-1,0
2,143,927918,6543619,4456,1114,296594,175.679,139.489,4469,-1,ok,1,1,0,137.367,-1,0
2,144,6931863,7093569,2051,513,167087,93.2417,98.6611,2057,-1,ok,1,1,0,97.5087,-1,0
2,145,2568120,12342319,3661,917,235891,136.949,133.476,3679,-1,ok,1,1,0,131.233,-1,0
2,146,7908353,11618893,3471,871,289011,170.227,3.25791,3520,-1,ok,0,0,0,0,3519,1
2,147,11438432,11802298,2485,621,193854,115.595,78.3181,2513,-1,ok,1,1,1,76.7734,2485,1
2,148,2413893,1006952,1862,466,118241,56.706,118.231,1863,-1,ok,1,1,0,117.184,-1,0
2,149,11409007,1162795,5579,1396,402791,250.111,107.532,0,1,length_cap,0,1,0,104.661,-1,0
2,150,9700992,2679266,4304,1078,356073,242.956,121.636,4321,-1,ok,1,1,0,119.34,-1,0
2,151,9872155,9787811,2375,595,149633,81.5365,78.6127,2393,-1,ok,1,1,0,77.1888,-1,0
2,152,11614672,3408954,4147,1037,304048,149.465,116.545,4183,-1,ok,1,1,0,114.075,-1,0
2,153,9981629,11181633,734,184,20331,8.731,40.4112,735,-1,ok,1,1,1,39.6971,734,1
2,154,3718171,9615151,2308,577,205756,126.043,62.0965,2305,-1,ok,1,1,1,59.8711,2308,1
2,155,3415323,8103407,3865,968,310800,196.36,128.954,3891,-1,ok,1,1,0,127.046,-1,0
2,156,11110265,1067659,3702,927,287654,169.298,116.56,3708,-1,ok,1,1,0,114.055,-1,0
2,157,6280476,9981769,2220,556,157140,87.1039,2.55399,2233,-1,ok,0,0,0,0,2232,1
2,158,6643578,8204315,3641,912,278755,168.052,104.008,3667,-1,ok,1,1,0,102.323,-1,0
2,159,9685005,4585715,4747,1188,381505,260.992,101.373,4771,-1,ok,1,1,0,99.216,-1,0
2,160,12831341,2638895,3950,989,237518,133.632,126.535,3971,-1,ok,1,1,0,124.199,-1,0
2,161,8783825,10724143,3006,752,220294,130.581,110.355,3046,-1,ok,1,1,0,108.617,-1,0
2,162,6714674,4622259,3743,934,311525,191.137,116.174,3763,-1,ok,1,1,0,114.441,-1,0
2,163,11574983,7241695,3374,844,177531,98.5709,134.399,3381,-1,ok,1,1,0,132.421,-1,0
2,164,6726695,10401558,1931,483,162830,88.0241,130.471,1951,-1,ok,1,1,0,129.239,-1,0
2,165,6217776,4562577,639,162,21509,9.54626,15.6774,655,-1,ok,1,1,1,15.1034,639,1
2,166,3978333,2704630,2039,512,151990,84.4853,94.6056,2049,-1,ok,1,1,0,93.4839,-1,0
2,167,7528628,10723775,1234,310,71757,34.7124,53.3218,1247,-1,ok,1,1,1,51.8261,1234,1
2,168,9735496,1569903,4003,1003,339775,209.453,126.535,4019,-1,ok,1,1,0,124.169,-1,0
2,169,998082,9272687,4329,1083,331464,193.32,137.637,4347,-1,ok,1,1,0,135.299,-1,0
2,170,1321918,2206629,1412,354,82118,37.2596,110.705,1413,-1,ok,1,1,0,109.932,-1,0
2,171,6659965,11150045,3320,830,352791,221.874,119.158,3329,-1,ok,1,1,0,117.251,-1,0
2,172,3731435,7767988,2384,596,108996,53.038,91.95,2421,-1,ok,1,1,0,90.637,-1,0
2,173,3974805,958596,1638,409,108900,57.852,119.82,1644,-1,ok,1,1,0,118.772,-1,0
2,174,2428329,5775613,2154,539,148188,75.725,104.312,2167,-1,ok,1,1,0,103.076,-1,0
2,175,1714534,1242194,2738,685,130400,61.9293,94.4335,2737,-1,ok,1,1,0,93.149,-1,0
2,176,2649840,6642272,1749,439,97082,47.3661,121.415,1768,-1,ok,1,1,0,120.296,-1,0
2,177,6637665,3752951,3356,838,344838,198.432,105.116,3392,-1,ok,1,1,0,103.235,-1,0
2,178,11854338,7380264,1910,479,98175,47.1235,108.405,1931,-1,ok,1,1,0,107.125,-1,0
2,179,6799419,5675038,2708,679,215595,138.189,94.4706,2723,-1,ok,1,1,1,92.6263,2708,1
2,180,4194887,1007631,1165,291,61234,29.2034,73.5824,1169,-1,ok,1,1,1,72.3666,1165,1
2,181,7226275,11473681,3653,914,348044,206.584,114.39,3669,-1,ok,1,1,0,112.255,-1,0
2,182,8300223,3253260,3863,971,364322,241.952,102.916,3923,-1,ok,1,1,0,100.758,-1,0
2,183,1895748,929406,1049,264,56114,24.9845,79.891,1057,-1,ok,1,1,1,79.0396,1049,1
2,184,10432828,11593598,2985,747,249182,150.06,112.878,3021,-1,ok,1,1,0,111.378,-1,0
2,185,3746090,7529905,1542,386,79860,36.4901,77.9506,1545,-1,ok,1,1,1,76.4723,1542,1
2,186,3253344,6964518,3608,905,283998,164.179,96.367,3625,-1,ok,1,1,0,94.3951,-1,0
2,187,1483093,11345582,5249,1398,384313,244.167,142.271,0,1,length_cap,0,1,0,139.472,-1,0
2,188,1769639,6419115,1907,478,106740,50.7391,131.693,1931,-1,ok,1,1,0,130.419,-1,0
2,189,1953803,11588864,5915,1479,379170,235.356,100.074,0,1,length_cap,0,1,0,97.1709,-1,0
2,190,10813718,4339117,2672,670,162509,84.7632,105.333,2698,-1,ok,1,1,0,103.663,-1,0
2,191,4139954,12718531,4668,1168,400487,259.307,134.925,4679,-1,ok,1,1,0,131.994,-1,0
2,192,11410131,12143449,1295,324,73488,34.4307,45.4508,1323,-1,ok,1,1,1,44.5412,1295,1
2,193,12955129,5083650,4479,1121,264517,146.802,103.158,4527,-1,ok,1,1,0,100.595,-1,0
2,194,4034968,11166459,3294,825,292283,170.351,138.062,3305,-1,ok,1,1,0,136.011,-1,0
2,195,12321886,6473680,2881,722,191671,112.133,109.187,2907,-1,ok,1,1,0,107.36,-1,0
2,196,1431067,12748470,4263,1067,291464,167.209,141.4,4279,-1,ok,1,1,0,138.849,-1,0
2,197,6895032,9886330,3072,767,298310,171.016,114.981,3086,-1,ok,1,1,0,113.208,-1,0
2,198,8039344,11409990,3078,770,263442,156.394,119.026,3121,-1,ok,1,1,0,117.135,-1,0
2,199,3159648,2262293,1368,344,75119,34.6835,88.4546,1375,-1,ok,1,1,1,87.4669,1368,1
3,0,2010448,7813185,3537,443,78260,31.3938,105.063,3567,-1,ok,1,1,0,102.93,-1,0
3,1,12579166,9078023,1568,197,14923,5.76804,106.525,1609,-1,ok,1,1,0,105.199,-1,0
3,2,1333590,4439595,1414,178,21659,8.98596,131.477,1447,-1,ok,1,1,0,130.331,-1,0
3,3,3773467,3914009,3647,458,88487,38.6315,86.9089,3689,-1,ok,1,1,0,84.8957,-1,0
3,4,3313148,2503221,1216,156,19052,7.65329,49.81,1249,-1,ok,1,1,1,48.8363,1216,1
3,5,7140541,10774717,1925,241,42413,18.5452,115.166,1983,-1,ok,1,1,0,113.741,-1,0
3,6,8187875,9706060,1310,165,24208,10.0263,55.7759,1337,-1,ok,1,1,1,54.478,1310,1
3,7,9627843,9885990,3738,468,81352,33.4001,139.435,3823,-1,ok,1,1,0,137.165,-1,0
3,8,7658869,7341623,669,87,8991,3.57077,44.2522,701,-1,ok,1,1,1,43.565,669,1
3,9,9079560,12955119,2601,327,52479,22.0175,116.349,2697,-1,ok,1,1,0,114.554,-1,0
3,10,3021799,6079542,2013,253,28779,11.5372,99.5783,2061,-1,ok,1,1,0,98.103,-1,0
3,11,3809714,13009546,3762,471,67720,29.0971,96.985,3825,-1,ok,1,1,0,94.4398,-1,0
3,12,8103489,7107447,2089,262,25710,10.9891,124.255,2118,-1,ok,1,1,0,122.78,-1,0
3,13,2332859,8426127,4263,569,91092,39.9403,114.653,4659,-1,ok,1,1,0,111.89,-1,0
3,14,12044454,2416847,4675,584,97717,42.124,124.227,4719,-1,ok,1,1,0,121.334,-1,0
3,15,7549516,3032970,3582,453,73086,30.2365,121.579,3657,-1,ok,1,1,0,119.311,-1,0
3,16,12927868,12892271,2462,310,34122,14.1343,102.046,2477,-1,ok,1,1,0,100.655,-1,0
3,17,9833831,12288662,2580,324,37720,15.2481,138.03,2629,-1,ok,1,1,0,136.455,-1,0
3,18,6814149,9852082,1202,151,13453,5.43512,68.9949,1223,-1,ok,1,1,1,67.4456,1202,1
3,19,9528140,2664047,3318,415,60315,26.0473,105.693,3391,-1,ok,1,1,0,103.445,-1,0
3,20,6495471,7529905,2441,307,53721,22.353,106.077,2491,-1,ok,1,1,0,104.631,-1,0
3,21,12325382,10067215,1607,202,13915,5.33045,103.157,1677,-1,ok,1,1,0,101.934,-1,0
3,22,3585937,1775879,2463,310,31720,12.5814,137.172,2501,-1,ok,1,1,0,135.74,-1,0
3,23,11721680,9491931,1321,165,11678,4.70868,61.5049,1341,-1,ok,1,1,1,59.82,1321,1
3,24,3621375,11317103,3740,469,94818,40.9321,126.03,3793,-1,ok,1,1,0,123.564,-1,0
3,25,5575100,6646560,1919,242,40695,16.9134,108.203,1975,-1,ok,1,1,0,107.073,-1,0
3,26,6158980,12807081,2860,359,52087,21.9187,135.637,2883,-1,ok,1,1,0,133.509,-1,0
3,27,11764863,10921693,884,111,13731,5.50298,27.8955,885,-1,ok,1,1,1,27.2162,884,1
3,28,10694273,1537590,4589,574,98481,41.7545,125.898,4723,-1,ok,1,1,0,122.954,-1,0
3,29,12581368,7643768,4098,512,73477,31.0598,131.637,4131,-1,ok,1,1,0,129.205,-1,0
3,30,13030402,12409999,2438,306,42889,18.1073,65.2421,2455,-1,ok,1,1,1,63.424,2438,1
3,31,12223295,6275531,3837,480,72857,32.9036,127.749,3913,-1,ok,1,1,0,125.327,-1,0
3,32,5623637,12139279,3038,381,79677,33.5933,140.257,3117,-1,ok,1,1,0,138.048,-1,0
3,33,8035053,1444783,3156,396,73342,30.0339,114.755,3187,-1,ok,1,1,0,112.53,-1,0
3,34,2880048,10213702,3461,433,66345,26.634,101.014,3549,-1,ok,1,1,0,98.6838,-1,0
3,35,1385201,11261247,4005,501,78772,30.5188,126.54,4075,-1,ok,1,1,0,123.802,-1,0
3,36,6948283,3518629,1448,181,20442,8.46242,134.495,1463,-1,ok,1,1,0,133.375,-1,0
3,37,13034387,859878,5685,712,106340,42.0844,100.319,0,1,length_cap,0,1,0,97.0351,-1,0
3,38,1686729,1918309,506,64,5075,2.24889,12.3923,505,-1,ok,1,1,1,12.0193,506,1
3,39,2222597,11499473,5854,736,102662,42.1312,119.258,0,1,length_cap,0,1,0,116.045,-1,0
3,40,5141411,11134502,4288,538,98783,42.3969,130.898,4365,-1,ok,1,1,0,128.139,-1,0
3,41,12465838,7448178,2144,268,27328,11.1901,104.155,2159,-1,ok,1,1,0,102.575,-1,0
3,42,10661203,8840327,3818,478,82338,35.2921,112.644,3917,-1,ok,1,1,0,110.124,-1,0
3,43,9236823,3376857,2492,312,37433,15.4653,116.485,2540,-1,ok,1,1,0,114.644,-1,0
3,44,6505621,5115520,816,104,8131,3.27404,63.1758,867,-1,ok,1,1,1,62.2879,816,1
3,45,7224318,3455553,1884,237,33732,14.4068,107.825,1903,-1,ok,1,1,0,106.588,-1,0
3,46,3577892,1190856,1756,220,28133,11.8161,135.823,1785,-1,ok,1,1,0,134.604,-1,0
3,47,3204941,3810580,2880,362,51397,21.2219,99.3256,2919,-1,ok,1,1,0,97.6264,-1,0
3,48,4180108,8576223,2054,258,45958,19.8771,122.682,2075,-1,ok,1,1,0,121.17,-1,0
3,49,12353729,2809446,3785,475,73013,29.9649,124.425,3865,-1,ok,1,1,0,121.824,-1,0
3,50,8395975,2625599,2116,269,46625,19.8096,118.225,2189,-1,ok,1,1,0,116.603,-1,0
3,51,5493528,7925047,1515,189,19450,7.82097,55.1687,1526,-1,ok,1,1,1,53.494,1515,1
3,52,9212910,11487380,2518,315,48244,20.1723,104.082,2567,-1,ok,1,1,0,102.388,-1,0
3,53,12285366,6402468,2738,342,48923,19.563,132.006,2763,-1,ok,1,1,0,129.992,-1,0
3,54,6487042,3141638,3876,489,85146,37.3746,123.011,3943,-1,ok,1,1,0,120.696,-1,0
3,55,8016532,6159621,865,111,12973,5.42117,44.0631,895,-1,ok,1,1,1,43.0621,865,1
3,56,5515103,10522115,2043,256,43082,18.7621,114.392,2067,-1,ok,1,1,0,112.86,-1,0
3,57,2476815,12608832,4271,537,85825,35.1179,102.568,4361,-1,ok,1,1,0,99.6338,-1,0
3,58,12456431,7340845,2238,280,33084,13.3339,116.433,2233,-1,ok,1,1,0,114.699,-1,0
3,59,922742,2055692,666,84,5750,2.36176,36.821,669,-1,ok,1,1,1,36.1246,666,1
3,60,11194911,9705957,3585,448,50882,21.3009,134.283,3711,-1,ok,1,1,0,132.23,-1,0
3,61,6036526,5702403,1491,187,33806,14.1302,41.7868,1517,-1,ok,1,1,1,40.9118,1491,1
3,62,11101203,2544770,3426,428,66992,28.6525,120.753,3501,-1,ok,1,1,0,118.413,-1,0
3,63,5493528,5459277,708,90,5821,2.24183,3.46768,714,-1,ok,1,1,1,3.01562,708,1
3,64,2388947,10947782,3371,422,58749,24.7917,121.462,3453,-1,ok,1,1,0,119.121,-1,0
3,65,7831705,6396759,719,90,7846,3.15559,41.9034,723,-1,ok,1,1,1,41.1446,719,1
3,66,842069,12916554,4284,535,72307,30.3333,139.811,4335,-1,ok,1,1,0,136.841,-1,0
3,67,4850422,11280298,4704,588,101910,43.0222,133.496,4789,-1,ok,1,1,0,130.911,-1,0
3,68,11488163,10653983,1116,140,12704,5.26459,45.9124,1121,-1,ok,1,1,1,44.9277,1116,1
3,69,7579596,8228212,230,29,1216,0.54022,5.00896,230,-1,ok,1,1,1,4.70765,230,1
3,70,12001610,2787829,4759,595,92892,41.1226,106.438,4901,-1,ok,1,1,0,103.446,-1,0
3,71,5742610,2055291,1316,166,28073,11.8258,55.1977,1339,-1,ok,1,1,1,53.6232,1316,1
3,72,11880582,8295471,3634,454,59735,24.6739,133.088,3691,-1,ok,1,1,0,130.938,-1,0
3,73,10473387,2457266,4575,573,94633,40.084,116.589,4609,-1,ok,1,1,0,113.551,-1,0
3,74,5956582,6913395,1978,249,33047,14.3065,116.012,2035,-1,ok,1,1,0,114.764,-1,0
3,75,6219946,5564489,847,107,14501,5.99891,33.5721,881,-1,ok,1,1,1,32.8776,847,1
3,76,2081440,12382609,4688,587,95522,39.0596,111.432,4747,-1,ok,1,1,0,108.356,-1,0
3,77,1691073,3744093,1693,213,26707,10.932,130.567,1697,-1,ok,1,1,0,129.404,-1,0
3,78,8817198,3986522,2108,265,45523,19.5356,120.327,2145,-1,ok,1,1,0,118.802,-1,0
3,79,7948753,9167683,453,58,4518,1.83725,17.308,457,-1,ok,1,1,1,16.7945,453,1
3,80,5933167,1809128,2017,253,47775,19.7301,112.447,2033,-1,ok,1,1,0,111.06,-1,0
3,81,6966816,6407311,457,59,3749,1.5321,9.8727,471,-1,ok,1,1,1,9.46208,457,1
3,82,2476107,12023992,4640,583,81583,32.583,111.864,4708,-1,ok,1,1,0,108.727,-1,0
3,83,4767722,2408797,4057,508,92307,41.0388,103.018,4109,-1,ok,1,1,0,100.666,-1,0
3,84,3731350,7191902,4549,570,89375,40.3215,102.222,4627,-1,ok,1,1,0,99.8642,-1,0
3,85,7691974,1423542,4300,539,104767,44.2092,119.001,4329,-1,ok,1,1,0,116.503,-1,0
3,86,12485877,3126737,5189,649,95571,38.8616,107.99,0,1,length_cap,0,1,0,104.857,-1,0
3,87,6909604,7200447,137,18,572,0.255995,2.30207,137,-1,ok,1,1,1,2.14886,137,1
3,88,3904717,10577072,2759,346,68108,29.3099,140.25,2839,-1,ok,1,1,0,138.218,-1,0
3,89,8340124,3901242,2357,300,50745,21.0702,114.917,2449,-1,ok,1,1,0,113.238,-1,0
3,90,4075443,11878759,2915,365,62668,26.4094,111.41,2949,-1,ok,1,1,0,109.274,-1,0
3,91,9913504,3945960,2821,354,55977,22.9216,123.246,2905,-1,ok,1,1,0,121.269,-1,0
3,92,7849946,5842851,2633,330,48400,21.3815,111.867,2673,-1,ok,1,1,1,109.672,2633,1
3,93,2178665,5515989,2531,319,52713,21.0572,103.794,2572,-1,ok,1,1,0,102.307,-1,0
3,94,10144368,3695934,2736,343,51861,21.6033,160.234,2794,-1,ok,1,1,0,158.232,-1,0
3,95,6149849,6790259,1164,147,13742,8.08261,81.9764,1201,-1,ok,1,1,1,80.1497,1164,1
3,96,12359415,9961757,1197,150,10984,6.47542,73.5709,1193,-1,ok,1,1,1,71.2899,1197,1
3,97,12611329,8437561,4181,524,75288,47.3635,176.324,4239,-1,ok,1,1,0,171.994,-1,0
3,98,1865682,9892253,3390,425,72448,40.807,185.352,3423,-1,ok,1,1,0,181.214,-1,0
3,99,6903382,7042632,3042,381,82518,53.8621,187.168,3082,-1,ok,1,1,0,184.303,-1,0
3,100,6037001,13035985,3913,489,104837,47.8239,137.022,3976,-1,ok,1,1,0,134.437,-1,0
3,101,11432291,5361289,3782,474,76864,30.1312,114.661,3853,-1,ok,1,1,0,112.009,-1,0
3,102,2095814,12208510,5712,715,101752,42.397,120.387,0,1,length_cap,0,1,0,117.091,-1,0
3,103,3721245,10043794,1835,230,36603,15.3781,76.5758,1847,-1,ok,1,1,1,73.4245,1835,1
3,104,1875949,12219863,5866,733,103988,42.3381,124.887,0,1,length_cap,0,1,0,121.581,-1,0
3,105,5433877,7370783,2174,273,50150,20.8387,141.462,2216,-1,ok,1,1,0,140.206,-1,0
3,106,6966746,1889450,2024,253,44656,20.4753,133.108,2051,-1,ok,1,1,0,131.558,-1,0
3,107,12074479,9935930,3204,400,44800,18.8462,135.452,3237,-1,ok,1,1,0,133.588,-1,0
3,108,8171471,10094437,1272,161,9714,3.84417,29.4284,1292,-1,ok,1,1,1,28.1976,1272,1
3,109,1583977,12290737,4150,519,73998,30.4128,5.27736,4211,-1,ok,0,0,0,0,4210,1
3,110,8541711,3431022,2128,268,47437,19.9171,114.379,2188,-1,ok,1,1,0,112.806,-1,0
3,111,945097,9503748,3693,465,72044,27.2694,134.659,3751,-1,ok,1,1,0,132.115,-1,0
3,112,3658695,5318513,1491,187,26953,11.6114,79.6007,1515,-1,ok,1,1,1,78.1555,1491,1
3,113,2754585,3947626,401,51,3934,1.54219,12.5326,401,-1,ok,1,1,1,12.1191,401,1
3,114,10502174,11667585,3041,383,52087,21.6589,85.3113,3123,-1,ok,1,1,0,83.4646,-1,0
3,115,10268480,11331403,3940,493,84174,34.6657,116.264,4045,-1,ok,1,1,0,113.426,-1,0
3,116,7825845,1762847,4321,541,102143,43.4359,124.386,4325,-1,ok,1,1,0,121.912,-1,0
3,117,3362086,11653233,3339,417,60025,25.4442,138.394,3403,-1,ok,1,1,0,136.047,-1,0
3,118,10389453,7350623,1413,177,17986,7.26833,98.4818,1431,-1,ok,1,1,1,96.6918,1413,1
3,119,4506435,6736068,887,111,9335,3.90407,34.0176,899,-1,ok,1,1,1,33.0155,887,1
3,120,5929329,12497247,3028,379,77769,32.0713,140.469,3080,-1,ok,1,1,0,138.298,-1,0
3,121,12410185,7574644,2088,261,21401,8.79337,130.304,2108,-1,ok,1,1,0,128.756,-1,0
3,122,12229428,5440651,2956,370,56982,22.2216,130.769,2993,-1,ok,1,1,0,128.567,-1,0
3,123,1780250,9157158,3337,420,69470,26.8332,120.691,3391,-1,ok,1,1,0,118.436,-1,0
3,124,11302776,5692962,4744,604,99003,42.914,130.133,4927,-1,ok,1,1,0,127.191,-1,0
3,125,1768886,1792417,1169,148,16671,6.5332,3.89812,1178,-1,ok,1,1,1,3.21455,1169,1
3,126,9050045,1934388,5350,673,105040,43.5441,136.363,0,1,length_cap,0,1,0,133.206,-1,0
3,127,1820605,6200831,1903,239,34575,13.7691,141.486,1919,-1,ok,1,1,0,140.123,-1,0
3,128,10430467,2988856,2977,371,42668,18.5506,112.438,3046,-1,ok,1,1,0,110.317,-1,0
3,129,2439228,6156068,1623,205,29188,12.069,139.551,1641,-1,ok,1,1,0,138.354,-1,0
3,130,1319267,7253584,2673,336,31175,12.7173,139.333,2742,-1,ok,1,1,0,137.519,-1,0
3,131,7196925,2454290,2503,317,63698,26.5212,122.67,2547,-1,ok,1,1,0,120.969,-1,0
3,132,13030402,3456903,3403,426,66041,26.2614,136.588,3431,-1,ok,1,1,0,134.082,-1,0
3,133,4224358,1052088,1611,206,26041,11.1243,116.139,1653,-1,ok,1,1,0,114.89,-1,0
3,134,12080206,7454087,2122,266,31321,12.3021,117.164,2161,-1,ok,1,1,0,115.483,-1,0
3,135,2068522,1574689,1869,235,24105,9.61408,94.5809,1875,-1,ok,1,1,1,93.3717,1869,1
3,136,10842340,7134907,3574,494,76265,30.8899,106.246,4027,-1,ok,1,1,0,103.632,-1,0
3,137,2045569,12750493,5410,677,106217,44.139,129.248,0,1,length_cap,0,1,0,126.1,-1,0
3,138,1691283,1726949,1624,204,25526,10.1581,8.87574,1625,-1,ok,1,1,1,7.86551,1624,1
3,139,2267658,6664151,2812,355,57153,23.2867,125.36,2857,-1,ok,1,1,0,123.501,-1,0
3,140,5981077,11521702,3639,455,94493,40.1829,134.147,3691,-1,ok,1,1,0,131.767,-1,0
3,141,6905897,5956763,2217,279,47888,20.3336,98.2243,2285,-1,ok,1,1,0,96.8344,-1,0
3,142,3746090,7542891,3910,490,74010,31.3483,112.095,3981,-1,ok,1,1,0,109.966,-1,0
3,143,927918,6543619,4456,558,79149,33.1819,140.51,4485,-1,ok,1,1,0,138.023,-1,0
3,144,6931863,7093569,2051,258,44553,19.0139,101.245,2085,-1,ok,1,1,0,99.9574,-1,0
3,145,2568120,12342319,3661,458,62603,26.0297,132.788,3721,-1,ok,1,1,0,130.272,-1,0
3,146,7908353,11618893,3471,434,76700,32.0586,110.468,3547,-1,ok,1,1,0,108.235,-1,0
3,147,11438432,11802298,2485,312,52310,21.5409,78.2408,2561,-1,ok,1,1,1,76.4966,2485,1
3,148,2413893,1006952,1862,233,30808,11.9528,117.742,1859,-1,ok,1,1,0,116.591,-1,0
3,149,11409007,1162795,5579,747,106709,45.1021,109.397,0,1,length_cap,0,1,0,106.05,-1,0
3,150,9700992,2679266,4304,539,94936,40.3089,123.513,4361,-1,ok,1,1,0,120.841,-1,0
3,151,9872155,9787811,2375,297,39343,16.229,80.1051,2409,-1,ok,1,1,0,78.4829,-1,0
3,152,11614672,3408954,4147,517,80196,31.1541,121.206,4209,-1,ok,1,1,0,118.406,-1,0
3,153,9981629,11181633,734,92,5490,2.19321,40.2657,729,-1,ok,1,1,1,39.439,734,1
3,154,3718171,9615151,2308,289,55762,23.792,62.0201,2323,-1,ok,1,1,1,59.6151,2308,1
3,155,3415323,8103407,3865,484,81203,34.3296,130.463,3911,-1,ok,1,1,0,128.278,-1,0
3,156,11110265,1067659,3702,464,77132,31.0667,119.447,3735,-1,ok,1,1,0,116.794,-1,0
3,157,6280476,9981769,2220,279,41759,18.4374,123.619,2273,-1,ok,1,1,0,121.972,-1,0
3,158,6643578,8204315,3641,456,74368,30.8212,106.426,3695,-1,ok,1,1,0,104.516,-1,0
3,159,9685005,4585715,4747,593,101140,44.7826,104.941,4833,-1,ok,1,1,0,102.478,-1,0
3,160,12831341,2638895,3950,493,63366,26.1706,130.286,3999,-1,ok,1,1,0,127.665,-1,0
3,161,8783825,10724143,3006,377,58177,23.8577,114.185,3104,-1,ok,1,1,0,112.184,-1,0
3,162,6714674,4622259,3743,470,81901,33.7455,116.662,3809,-1,ok,1,1,0,114.664,-1,0
3,163,11574983,7241695,3374,422,46779,19.8122,134.617,3445,-1,ok,1,1,0,132.39,-1,0
3,164,6726695,10401558,1931,242,43358,18.7119,131.172,1967,-1,ok,1,1,0,129.754,-1,0
3,165,6217776,4562577,639,83,5973,2.35645,15.7556,675,-1,ok,1,1,1,15.0813,639,1
3,166,3978333,2704630,2039,257,39926,17.0099,96.926,2053,-1,ok,1,1,0,95.6577,-1,0
3,167,7528628,10723775,1234,159,19040,7.971,54.162,1303,-1,ok,1,1,1,52.4513,1234,1
3,168,9735496,1569903,4003,501,91089,39.2293,134.131,4033,-1,ok,1,1,0,131.44,-1,0
3,169,998082,9272687,4329,543,88493,38.0536,155.25,4385,-1,ok,1,1,0,152.587,-1,0
3,170,1321918,2206629,1412,177,21450,13.1608,167.009,1411,-1,ok,1,1,0,165.375,-1,0
3,171,6659965,11150045,3320,415,94636,62.7875,188.289,3367,-1,ok,1,1,0,184.568,-1,0
3,172,3731435,7767988,2384,299,28408,17.5736,139.747,2489,-1,ok,1,1,0,136.869,-1,0
3,173,3974805,958596,1638,206,29007,17.2716,190.461,1651,-1,ok,1,1,0,188.399,-1,0
3,174,2428329,5775613,2154,273,39021,16.7478,115.574,2199,-1,ok,1,1,0,114.049,-1,0
3,175,1714534,1242194,2738,343,34770,14.051,97.8329,2737,-1,ok,1,1,0,96.3277,-1,0
3,176,2649840,6642272,1749,221,24536,10.2693,124.322,1803,-1,ok,1,1,0,122.948,-1,0
3,177,6637665,3752951,3356,420,87782,38.4304,107.242,3427,-1,ok,1,1,0,105.058,-1,0
3,178,11854338,7380264,1910,238,25411,10.5768,110.55,1959,-1,ok,1,1,0,109.047,-1,0
3,179,6799419,5675038,2708,340,57035,25.6838,96.8282,2753,-1,ok,1,1,1,94.7393,2708,1
3,180,4194887,1007631,1165,147,16215,6.72863,75.9765,1177,-1,ok,1,1,1,74.6375,1165,1
3,181,7226275,11473681,3653,465,92566,39.7459,114.923,3815,-1,ok,1,1,0,112.554,-1,0
3,182,8300223,3253260,3863,488,94664,40.2811,102.191,4019,-1,ok,1,1,0,99.7013,-1,0
3,183,1895748,929406,1049,132,14591,5.76069,79.511,1057,-1,ok,1,1,1,78.5291,1049,1
3,184,10432828,11593598,2985,374,66959,27.1984,113.469,3073,-1,ok,1,1,0,111.71,-1,0
3,185,3746090,7529905,1542,193,21007,8.68587,78.1794,1549,-1,ok,1,1,1,76.5071,1542,1
3,186,3253344,6964518,3608,453,75984,31.2081,96.919,3639,-1,ok,1,1,0,94.7264,-1,0
3,187,1483093,11345582,5249,701,100348,41.6926,142.512,0,1,length_cap,0,1,0,139.232,-1,0
3,188,1769639,6419115,1907,240,27638,10.9891,131.761,1949,-1,ok,1,1,0,130.307,-1,0
3,189,1953803,11588864,5915,741,100958,40.8186,99.9751,0,1,length_cap,0,1,0,96.5477,-1,0
3,190,10813718,4339117,2672,335,43587,18.2095,106.157,2743,-1,ok,1,1,0,104.255,-1,0
3,191,4139954,12718531,4668,583,106059,44.8998,134.771,4721,-1,ok,1,1,0,131.954,-1,0
3,192,11410131,12143449,1295,163,19297,7.70535,45.8906,1335,-1,ok,1,1,1,44.8282,1295,1
3,193,12955129,5083650,4479,560,69701,27.9509,103.851,4629,-1,ok,1,1,0,100.902,-1,0
3,194,4034968,11166459,3294,412,76384,31.4202,138.204,3319,-1,ok,1,1,0,135.868,-1,0
3,195,12321886,6473680,2881,362,49986,20.4509,108.93,2983,-1,ok,1,1,0,106.823,-1,0
3,196,1431067,12748470,4263,534,76990,31.3327,137.898,4331,-1,ok,1,1,0,134.971,-1,0
3,197,6895032,9886330,3072,383,80293,32.9379,111.291,3118,-1,ok,1,1,0,109.247,-1,0
3,198,8039344,11409990,3078,384,70220,28.7981,118.523,3151,-1,ok,1,1,0,116.454,-1,0
3,199,3159648,2262293,1368,173,19785,7.71594,87.7584,1395,-1,ok,1,1,1,86.6369,1368,1
4,0,2010448,7813185,3537,223,21540,8.11155,105.469,3673,-1,ok,1,1,0,103.229,-1,0
4,1,12579166,9078023,1568,103,4059,1.39291,106.591,1639,-1,ok,1,1,0,105.11,-1,0
4,2,1333590,4439595,1414,89,5721,2.09258,131.398,1433,-1,ok,1,1,0,130.232,-1,0
4,3,3773467,3914009,3647,230,24507,9.12423,86.9485,3745,-1,ok,1,1,0,84.7956,-1,0
4,4,3313148,2503221,1216,78,4969,1.73007,49.3597,1257,-1,ok,1,1,1,48.226,1216,1
4,5,7140541,10774717,1925,121,11803,4.53725,113.195,2035,-1,ok,1,1,0,111.748,-1,0
4,6,8187875,9706060,1310,83,6537,2.43884,55.9515,1337,-1,ok,1,1,1,54.6798,1310,1
4,7,9627843,9885990,3738,236,22589,8.51651,140.982,3915,-1,ok,1,1,0,138.653,-1,0
4,8,7658869,7341623,669,45,2334,0.919794,44.3999,743,-1,ok,1,1,1,43.6893,669,1
4,9,9079560,12955119,2601,164,14323,5.37837,107.46,2757,-1,ok,1,1,0,105.581,-1,0
4,10,3021799,6079542,2013,127,7695,2.73294,96.7901,2113,-1,ok,1,1,0,95.3233,-1,0
4,11,3809714,13009546,3762,237,18551,6.87833,92.3414,3863,-1,ok,1,1,0,89.6586,-1,0
4,12,8103489,7107447,2089,133,7145,2.66985,121.578,2162,-1,ok,1,1,0,120.091,-1,0
4,13,2332859,8426127,4263,285,25203,9.3566,113.927,4735,-1,ok,1,1,0,111.107,-1,0
4,14,12044454,2416847,4675,292,26853,9.77883,122.853,4811,-1,ok,1,1,0,119.836,-1,0
4,15,7549516,3032970,3582,227,20206,7.46444,120.126,3713,-1,ok,1,1,0,117.759,-1,0
4,16,12927868,12892271,2462,155,9395,3.32501,101.467,2471,-1,ok,1,1,0,99.9072,-1,0
4,17,9833831,12288662,2580,163,10533,3.98769,134.589,2671,-1,ok,1,1,0,132.904,-1,0
4,18,6814149,9852082,1202,76,3854,1.35355,68.782,1239,-1,ok,1,1,1,67.0817,1202,1
4,19,9528140,2664047,3318,209,16870,6.30253,104.682,3431,-1,ok,1,1,0,102.417,-1,0
4,20,6495471,7529905,2441,155,14886,5.51537,105.55,2589,-1,ok,1,1,0,103.972,-1,0
4,21,12325382,10067215,1607,101,3794,1.358,104.111,1689,-1,ok,1,1,0,102.803,-1,0
4,22,3585937,1775879,2463,156,8847,3.13326,134.507,2523,-1,ok,1,1,0,132.992,-1,0
4,23,11721680,9491931,1321,84,3202,1.19924,60.8135,1395,-1,ok,1,1,1,59.1285,1321,1
4,24,3621375,11317103,3740,235,26089,9.61581,125.124,3899,-1,ok,1,1,0,122.647,-1,0
4,25,5575100,6646560,1919,121,11573,4.37816,107.506,2011,-1,ok,1,1,0,106.321,-1,0
4,26,6158980,12807081,2860,179,14277,5.3644,135.18,2899,-1,ok,1,1,0,132.972,-1,0
4,27,11764863,10921693,884,57,3719,1.37032,27.8045,895,-1,ok,1,1,1,27.1001,884,1
4,28,10694273,1537590,4589,288,27109,9.7273,124.212,4771,-1,ok,1,1,0,121.255,-1,0
4,29,12581368,7643768,4098,257,20654,7.84732,130.899,4169,-1,ok,1,1,0,128.293,-1,0
4,30,13030402,12409999,2438,154,12201,4.53061,55.4443,2475,-1,ok,1,1,1,53.6444,2438,1
4,31,12223295,6275531,3837,240,19888,7.31417,125.622,3991,-1,ok,1,1,0,123.203,-1,0
4,32,5623637,12139279,3038,191,21791,8.24008,136.638,3197,-1,ok,1,1,0,134.345,-1,0
4,33,8035053,1444783,3156,199,20444,7.41212,113.844,3242,-1,ok,1,1,0,111.579,-1,0
4,34,2880048,10213702,3461,218,18070,6.25325,100.269,3605,-1,ok,1,1,0,97.8254,-1,0
4,35,1385201,11261247,4005,251,21565,7.61413,126.885,4101,-1,ok,1,1,0,124,-1,0
4,36,6948283,3518629,1448,92,6016,2.27274,130.227,1499,-1,ok,1,1,0,129.044,-1,0
4,37,13034387,859878,5685,356,29281,10.2634,98.7576,0,1,length_cap,0,1,0,95.2938,-1,0
4,38,1686729,1918309,506,33,1423,0.536211,12.382,513,-1,ok,1,1,1,11.9642,506,1
4,39,2222597,11499473,5854,369,28215,9.90018,117.109,0,1,length_cap,0,1,0,113.873,-1,0
4,40,5141411,11134502,4288,270,27255,10.0215,131.888,4419,-1,ok,1,1,0,128.98,-1,0
4,41,12465838,7448178,2144,134,7503,2.74489,99.0867,2155,-1,ok,1,1,0,97.4015,-1,0
4,42,10661203,8840327,3818,238,22782,8.72121,111.639,3933,-1,ok,1,1,0,109.051,-1,0
4,43,9236823,3376857,2492,157,10387,3.99759,114.603,2558,-1,ok,1,1,0,112.744,-1,0
4,44,6505621,5115520,816,53,2204,0.844323,62.1473,861,-1,ok,1,1,1,61.2128,816,1
4,45,7224318,3455553,1884,119,9526,3.61085,105.946,1893,-1,ok,1,1,0,104.674,-1,0
4,46,3577892,1190856,1756,111,7693,2.85794,129.764,1771,-1,ok,1,1,0,128.477,-1,0
4,47,3204941,3810580,2880,181,14113,5.20529,98.0282,2961,-1,ok,1,1,0,96.2757,-1,0
4,48,4180108,8576223,2054,130,12494,4.6968,119.877,2085,-1,ok,1,1,0,118.296,-1,0
4,49,12353729,2809446,3785,239,20255,7.40543,122.808,3907,-1,ok,1,1,0,120.089,-1,0
4,50,8395975,2625599,2116,134,12732,4.81182,118.435,2241,-1,ok,1,1,0,116.715,-1,0
4,51,5493528,7925047,1515,95,5344,2.02233,53.6961,1563,-1,ok,1,1,1,52.0172,1515,1
4,52,9212910,11487380,2518,160,13416,4.95363,100.651,2639,-1,ok,1,1,0,98.9146,-1,0
4,53,12285366,6402468,2738,172,13387,4.76506,128.987,2809,-1,ok,1,1,0,126.87,-1,0
4,54,6487042,3141638,3876,245,23542,8.79779,121.134,4025,-1,ok,1,1,0,118.732,-1,0
4,55,8016532,6159621,865,55,3432,1.27901,43.2648,909,-1,ok,1,1,1,42.2177,865,1
4,56,5515103,10522115,2043,129,11753,4.37047,107.492,2113,-1,ok,1,1,0,105.927,-1,0
4,57,2476815,12608832,4271,267,23671,8.58523,101.207,4405,-1,ok,1,1,0,98.1707,-1,0
4,58,12456431,7340845,2238,140,8941,3.26289,113.225,2240,-1,ok,1,1,0,111.379,-1,0
4,59,922742,2055692,666,43,1593,0.588638,36.3365,693,-1,ok,1,1,1,35.5875,666,1
4,60,11194911,9705957,3585,226,14251,5.21688,131.884,3869,-1,ok,1,1,0,129.693,-1,0
4,61,6036526,5702403,1491,95,9255,3.50238,41.4119,1555,-1,ok,1,1,1,40.5004,1491,1
4,62,11101203,2544770,3426,215,18688,6.90533,119.322,3533,-1,ok,1,1,0,116.866,-1,0
4,63,5493528,5459277,708,46,1769,0.628333,3.40915,721,-1,ok,1,1,1,2.92539,708,1
4,64,2388947,10947782,3371,211,16127,5.79892,118.744,3511,-1,ok,1,1,0,116.454,-1,0
4,65,7831705,6396759,719,46,2269,0.840266,41.2065,731,-1,ok,1,1,1,40.4142,719,1
4,66,842069,12916554,4284,269,19919,7.34885,139.007,4373,-1,ok,1,1,0,135.888,-1,0
4,67,4850422,11280298,4704,296,28106,10.2845,133.934,0,1,length_cap,0,1,0,131.122,-1,0
4,68,11488163,10653983,1116,70,3307,1.23546,45.1956,1157,-1,ok,1,1,1,44.2014,1116,1
4,69,7579596,8228212,230,14,285,0.128107,4.98332,214,-1,ok,1,1,1,4.69694,230,1
4,70,12001610,2787829,4759,299,25703,9.24912,104.309,4997,-1,ok,1,1,0,101.268,-1,0
4,71,5742610,2055291,1316,84,7995,2.97949,54.2978,1347,-1,ok,1,1,1,52.7393,1316,1
4,72,11880582,8295471,3634,228,16707,6.1032,132.222,3755,-1,ok,1,1,0,129.992,-1,0
4,73,10473387,2457266,4575,288,26273,9.37552,114.379,4643,-1,ok,1,1,0,111.216,-1,0
4,74,5956582,6913395,1978,125,8595,3.23058,112.543,2075,-1,ok,1,1,0,111.223,-1,0
4,75,6219946,5564489,847,54,3945,1.49222,33.1251,873,-1,ok,1,1,1,32.3966,847,1
4,76,2081440,12382609,4688,294,26470,9.57075,108.329,4801,-1,ok,1,1,0,105.221,-1,0
4,77,1691073,3744093,1693,107,7139,2.55794,126.565,1697,-1,ok,1,1,0,125.369,-1,0
4,78,8817198,3986522,2108,133,12630,4.77892,118.943,2177,-1,ok,1,1,0,117.348,-1,0
4,79,7948753,9167683,453,29,1171,0.451837,17.3786,449,-1,ok,1,1,1,16.815,453,1
4,80,5933167,1809128,2017,126,13455,4.87878,106.091,2085,-1,ok,1,1,0,104.72,-1,0
4,81,6966816,6407311,457,30,1037,0.395233,9.90219,477,-1,ok,1,1,1,9.43314,457,1
4,82,2476107,12023992,4640,293,22367,8.15863,110.081,4777,-1,ok,1,1,0,106.952,-1,0
4,83,4767722,2408797,4057,255,25772,9.65463,101.29,4192,-1,ok,1,1,0,98.8342,-1,0
4,84,3731350,7191902,4549,286,24584,9.36412,101.339,4697,-1,ok,1,1,0,98.8422,-1,0
4,85,7691974,1423542,4300,289,28775,10.4349,116.702,4731,-1,ok,1,1,0,113.825,-1,0
4,86,12485877,3126737,5189,325,26350,9.47513,107.482,0,1,length_cap,0,1,0,104.282,-1,0
4,87,6909604,7200447,137,9,140,0.079027,2.40409,129,-1,ok,1,1,1,2.21177,137,1
4,88,3904717,10577072,2759,174,18996,7.00512,138.851,2947,-1,ok,1,1,0,136.803,-1,0
4,89,8340124,3901242,2357,150,14016,5.21493,113.829,2561,-1,ok,1,1,0,112.035,-1,0
4,90,4075443,11878759,2915,184,17205,6.38341,110.126,3001,-1,ok,1,1,0,107.845,-1,0
4,91,9913504,3945960,2821,178,15456,5.70719,122.303,3037,-1,ok,1,1,0,120.214,-1,0
4,92,7849946,5842851,2633,166,13215,5.10377,110.296,2749,-1,ok,1,1,1,107.992,2633,1
4,93,2178665,5515989,2531,161,14290,5.12532,100.905,2621,-1,ok,1,1,0,99.3337,-1,0
4,94,10144368,3695934,2736,172,14430,5.36251,117.544,2874,-1,ok,1,1,0,115.462,-1,0
4,95,6149849,6790259,1164,73,3775,1.37153,57.8042,1205,-1,ok,1,1,1,56.6941,1164,1
4,96,12359415,9961757,1197,76,3029,1.22407,52.1366,1201,-1,ok,1,1,1,50.7472,1197,1
4,97,12611329,8437561,4181,263,20755,7.81466,132.879,4291,-1,ok,1,1,0,130.426,-1,0
4,98,1865682,9892253,3390,214,19983,6.88344,126.178,3457,-1,ok,1,1,0,123.741,-1,0
4,99,6903382,7042632,3042,191,22718,8.78698,114.779,3101,-1,ok,1,1,0,113.095,-1,0
4,100,6037001,13035985,3913,246,28929,10.5362,134.757,4041,-1,ok,1,1,0,132.162,-1,0
4,101,11432291,5361289,3782,239,21380,7.79676,112.569,3923,-1,ok,1,1,0,109.883,-1,0
4,102,2095814,12208510,5712,359,28018,9.99352,117.641,0,1,length_cap,0,1,0,114.304,-1,0
4,103,3721245,10043794,1835,119,9889,3.64111,74.9509,1947,-1,ok,1,1,1,72.0949,1835,1
4,104,1875949,12219863,5866,367,28613,10.1824,121.282,0,1,length_cap,0,1,0,118.049,-1,0
4,105,5433877,7370783,2174,137,14176,5.2172,138.465,2247,-1,ok,1,1,0,137.161,-1,0
4,106,6966746,1889450,2024,127,12170,4.73606,123.646,2081,-1,ok,1,1,0,122.006,-1,0
4,107,12074479,9935930,3204,201,12563,4.60855,134.48,3269,-1,ok,1,1,0,132.55,-1,0
4,108,8171471,10094437,1272,84,2791,1.09064,29.2766,1328,-1,ok,1,1,1,27.9845,1272,1
4,109,1583977,12290737,4150,260,20217,7.32555,129.892,4228,-1,ok,1,1,0,127.081,-1,0
4,110,8541711,3431022,2128,136,13231,4.94405,112.608,2320,-1,ok,1,1,0,110.838,-1,0
4,111,945097,9503748,3693,235,19824,6.67712,135.848,3877,-1,ok,1,1,0,133.156,-1,0
4,112,3658695,5318513,1491,95,7474,2.84292,79.6948,1565,-1,ok,1,1,1,78.2039,1491,1
4,113,2754585,3947626,401,26,1023,0.383559,12.1796,401,-1,ok,1,1,1,11.7133,401,1
4,114,10502174,11667585,3041,193,14381,5.33867,83.8922,3171,-1,ok,1,1,0,82.0587,-1,0
4,115,10268480,11331403,3940,247,23240,8.46678,112.04,4099,-1,ok,1,1,0,109.414,-1,0
4,116,7825845,1762847,4321,272,28323,10.3192,121.89,4343,-1,ok,1,1,0,119.408,-1,0
4,117,3362086,11653233,3339,209,16291,6.0595,136.729,3431,-1,ok,1,1,0,134.326,-1,0
4,118,10389453,7350623,1413,88,4941,1.80913,96.7487,1431,-1,ok,1,1,1,95.0811,1413,1
4,119,4506435,6736068,887,56,2576,1.00244,33.9579,927,-1,ok,1,1,1,33.0016,887,1
4,120,5929329,12497247,3028,189,21169,7.96207,138.505,3068,-1,ok,1,1,0,136.364,-1,0
4,121,12410185,7574644,2088,131,5852,2.19103,127.438,2139,-1,ok,1,1,0,125.802,-1,0
4,122,12229428,5440651,2956,187,15747,5.54446,128.497,3049,-1,ok,1,1,0,126.222,-1,0
4,123,1780250,9157158,3337,211,19124,6.48771,119.215,3467,-1,ok,1,1,0,116.852,-1,0
4,124,11302776,5692962,4744,302,27084,9.89401,131.622,4993,-1,ok,1,1,0,128.593,-1,0
4,125,1768886,1792417,1169,75,4565,1.60943,3.85057,1186,-1,ok,1,1,1,3.18221,1169,1
4,126,9050045,1934388,5350,339,28845,10.1347,134.009,0,1,length_cap,0,1,0,130.901,-1,0
4,127,1820605,6200831,1903,121,9491,3.44738,138.927,1937,-1,ok,1,1,0,137.505,-1,0
4,128,10430467,2988856,2977,186,11840,4.41355,112.191,3055,-1,ok,1,1,0,110.01,-1,0
4,129,2439228,6156068,1623,104,8142,3.02021,136.834,1665,-1,ok,1,1,0,135.541,-1,0
4,130,1319267,7253584,2673,169,8183,2.89927,140.682,2803,-1,ok,1,1,0,138.694,-1,0
4,131,7196925,2454290,2503,158,17722,6.44637,120.381,2629,-1,ok,1,1,0,118.535,-1,0
4,132,13030402,3456903,3403,214,18327,6.55555,134.411,3491,-1,ok,1,1,0,131.795,-1,0
4,133,4224358,1052088,1611,104,7038,2.63454,114.474,1697,-1,ok,1,1,0,113.188,-1,0
4,134,12080206,7454087,2122,134,8665,3.12739,113.562,2207,-1,ok,1,1,0,111.789,-1,0
4,135,2068522,1574689,1869,117,6506,2.3362,94.5478,1859,-1,ok,1,1,1,93.2475,1869,1
4,136,10842340,7134907,3574,247,21111,7.76863,104.949,4037,-1,ok,1,1,0,102.349,-1,0
4,137,2045569,12750493,5410,341,29241,10.4308,126.613,0,1,length_cap,0,1,0,123.404,-1,0
4,138,1691283,1726949,1624,102,6820,2.45548,8.82385,1617,-1,ok,1,1,1,7.79526,1624,1
4,139,2267658,6664151,2812,178,15274,5.16272,124.391,2925,-1,ok,1,1,0,122.703,-1,0
4,140,5981077,11521702,3639,229,26309,9.71006,134.733,3759,-1,ok,1,1,0,132.208,-1,0
4,141,6905897,5956763,2217,139,12813,4.77253,96.1721,2323,-1,ok,1,1,0,94.7137,-1,0
4,142,3746090,7542891,3910,246,19996,7.42883,109.492,4043,-1,ok,1,1,0,107.149,-1,0
4,143,927918,6543619,4456,298,21410,8.08032,137.592,4981,-1,ok,1,1,0,134.787,-1,0
4,144,6931863,7093569,2051,129,12182,4.62994,98.3276,2089,-1,ok,1,1,0,96.9869,-1,0
4,145,2568120,12342319,3661,229,17118,6.4717,131.432,3735,-1,ok,1,1,0,128.734,-1,0
4,146,7908353,11618893,3471,220,21514,8.01491,110.359,3663,-1,ok,1,1,0,107.928,-1,0
4,147,11438432,11802298,2485,157,14455,5.31934,77.8041,2615,-1,ok,1,1,1,75.9577,2485,1
4,148,2413893,1006952,1862,118,8283,2.93837,116.414,1877,-1,ok,1,1,0,115.249,-1,0
4,149,11409007,1162795,5579,374,29365,10.4376,108.988,0,1,length_cap,0,1,0,105.529,-1,0
4,150,9700992,2679266,4304,271,26328,9.89819,123.008,4507,-1,ok,1,1,0,120.177,-1,0
4,151,9872155,9787811,2375,150,10534,4.07748,78.1484,2473,-1,ok,1,1,0,76.4211,-1,0
4,152,11614672,3408954,4147,261,22325,7.89248,117.049,4307,-1,ok,1,1,0,114.089,-1,0
4,153,9981629,11181633,734,46,1540,0.542395,40.3935,721,-1,ok,1,1,1,39.5537,734,1
4,154,3718171,9615151,2308,145,15688,5.76734,62.599,2339,-1,ok,1,1,1,60.032,2308,1
4,155,3415323,8103407,3865,243,22310,8.85739,129.083,4039,-1,ok,1,1,0,126.839,-1,0
4,156,11110265,1067659,3702,233,21545,8.02045,118.661,3779,-1,ok,1,1,0,115.914,-1,0
4,157,6280476,9981769,2220,139,11689,4.48431,120.67,2263,-1,ok,1,1,0,118.98,-1,0
4,158,6643578,8204315,3641,229,20746,7.83718,105.241,3791,-1,ok,1,1,0,103.159,-1,0
4,159,9685005,4585715,4747,299,27818,10.2835,103.664,0,1,length_cap,0,1,0,100.948,-1,0
4,160,12831341,2638895,3950,246,17199,6.2573,128.17,4003,-1,ok,1,1,0,125.348,-1,0
4,161,8783825,10724143,3006,190,16066,5.97176,111.85,3168,-1,ok,1,1,0,109.706,-1,0
4,162,6714674,4622259,3743,236,22544,8.58104,116.831,3885,-1,ok,1,1,0,114.652,-1,0
4,163,11574983,7241695,3374,211,13104,4.82286,132.822,3483,-1,ok,1,1,0,130.453,-1,0
4,164,6726695,10401558,1931,122,12150,4.59281,129.928,2027,-1,ok,1,1,0,128.368,-1,0
4,165,6217776,4562577,639,43,1725,0.625468,15.7342,709,-1,ok,1,1,1,14.9828,639,1
4,166,3978333,2704630,2039,130,10970,4.20998,95.2241,2107,-1,ok,1,1,0,93.9485,-1,0
4,167,7528628,10723775,1234,79,5163,1.9966,54.0532,1324,-1,ok,1,1,1,52.2864,1234,1
4,168,9735496,1569903,4003,252,25317,9.31443,130.089,4067,-1,ok,1,1,0,127.284,-1,0
4,169,998082,9272687,4329,274,24583,9.14541,140.066,4483,-1,ok,1,1,0,137.239,-1,0
4,170,1321918,2206629,1412,89,5772,2.12359,110.475,1409,-1,ok,1,1,0,109.565,-1,0
4,171,6659965,11150045,3320,206,25888,9.54422,120.359,3393,-1,ok,1,1,0,118.109,-1,0
4,172,3731435,7767988,2384,151,7565,2.7278,93.7407,2541,-1,ok,1,1,0,92.0264,-1,0
4,173,3974805,958596,1638,103,7760,2.90752,119.83,1643,-1,ok,1,1,0,118.528,-1,0
4,174,2428329,5775613,2154,136,10711,4.03829,104.607,2203,-1,ok,1,1,0,103.047,-1,0
4,175,1714534,1242194,2738,172,9592,3.40537,96.3665,2737,-1,ok,1,1,0,94.7567,-1,0
4,176,2649840,6642272,1749,112,6467,2.39538,121.864,1871,-1,ok,1,1,0,120.429,-1,0
4,177,6637665,3752951,3356,211,24122,8.99883,106.327,3477,-1,ok,1,1,0,104.08,-1,0
4,178,11854338,7380264,1910,118,6853,2.62506,108.828,1951,-1,ok,1,1,0,107.261,-1,0
4,179,6799419,5675038,2708,170,15676,6.02932,95.1453,2849,-1,ok,1,1,1,93.0618,2708,1
4,180,4194887,1007631,1165,74,4310,1.61703,73.5957,1177,-1,ok,1,1,1,72.239,1165,1
4,181,7226275,11473681,3653,228,25301,9.36133,114.514,3753,-1,ok,1,1,0,112.126,-1,0
4,182,8300223,3253260,3863,245,26085,9.59106,103.268,4099,-1,ok,1,1,0,100.656,-1,0
4,183,1895748,929406,1049,67,4008,1.45248,79.8192,1061,-1,ok,1,1,1,78.8355,1049,1
4,184,10432828,11593598,2985,188,18836,6.8392,113.175,3153,-1,ok,1,1,0,111.362,-1,0
4,185,3746090,7529905,1542,97,5719,2.12665,78.6445,1549,-1,ok,1,1,1,76.8821,1542,1
4,186,3253344,6964518,3608,227,20990,7.99014,97.3847,3635,-1,ok,1,1,0,95.2387,-1,0
4,187,1483093,11345582,5249,352,27435,9.96255,141.002,0,1,length_cap,0,1,0,137.599,-1,0
4,188,1769639,6419115,1907,120,7417,2.66185,131.693,1963,-1,ok,1,1,0,130.148,-1,0
4,189,1953803,11588864,5915,373,27884,9.92769,100.76,0,1,length_cap,0,1,0,97.2269,-1,0
4,190,10813718,4339117,2672,168,12109,4.53293,106.838,2812,-1,ok,1,1,0,104.808,-1,0
4,191,4139954,12718531,4668,293,29196,10.6061,135.223,4861,-1,ok,1,1,0,132.135,-1,0
4,192,11410131,12143449,1295,82,5273,1.9604,61.8854,1357,-1,ok,1,1,1,60.6615,1295,1
4,193,12955129,5083650,4479,280,19112,9.4202,155.822,4705,-1,ok,1,1,0,150.617,-1,0
4,194,4034968,11166459,3294,208,20905,11.7527,194.437,3361,-1,ok,1,1,0,190.152,-1,0
4,195,12321886,6473680,2881,182,13764,6.91158,144.761,3009,-1,ok,1,1,0,141.015,-1,0
4,196,1431067,12748470,4263,267,20846,11.6964,180.339,4345,-1,ok,1,1,0,174.831,-1,0
4,197,6895032,9886330,3072,191,22172,11.3158,176.811,3154,-1,ok,1,1,0,173.332,-1,0
4,198,8039344,11409990,3078,193,19600,10.9988,166.846,3237,-1,ok,1,1,0,162.634,-1,0
4,199,3159648,2262293,1368,86,5219,2.88073,126.405,1429,-1,ok,1,1,1,124.27,1368,1
5,0,2010448,7813185,3537,111,6278,3.21152,150.309,3799,-1,ok,1,1,0,145.959,-1,0
5,1,12579166,9078023,1568,53,1253,0.591154,142.491,1699,-1,ok,1,1,0,140.051,-1,0
5,2,1333590,4439595,1414,45,1571,0.741321,175.944,1441,-1,ok,1,1,0,173.982,-1,0
5,3,3773467,3914009,3647,116,7233,3.61422,135.401,3905,-1,ok,1,1,0,131.111,-1,0
5,4,3313148,2503221,1216,37,1335,0.66958,69.5939,1207,-1,ok,1,1,1,67.9272,1216,1
5,5,7140541,10774717,1925,62,3630,1.84782,154.168,2129,-1,ok,1,1,0,151.276,-1,0
5,6,8187875,9706060,1310,43,1968,0.903652,82.3227,1445,-1,ok,1,1,1,80.0099,1310,1
5,7,9627843,9885990,3738,119,6678,3.54291,220.51,4200,-1,ok,1,1,0,215.505,-1,0
5,8,7658869,7341623,669,21,699,0.385153,63.0808,799,-1,ok,1,1,1,61.7654,669,1
5,9,9079560,12955119,2601,82,4167,2.23576,163.062,2914,-1,ok,1,1,0,158.956,-1,0
5,10,3021799,6079542,2013,64,2184,1.08651,145.759,2280,-1,ok,1,1,0,142.845,-1,0
5,11,3809714,13009546,3762,121,5530,3.00088,140.066,4087,-1,ok,1,1,0,134.801,-1,0
5,12,8103489,7107447,2089,66,1995,1.10246,188.125,2197,-1,ok,1,1,0,184.979,-1,0
5,13,2332859,8426127,4263,145,7381,3.72972,175.324,4982,-1,ok,1,1,0,169.72,-1,0
5,14,12044454,2416847,4675,145,7820,4.00495,171.79,4931,-1,ok,1,1,0,165.907,-1,0
5,15,7549516,3032970,3582,115,6015,3.44632,174.147,3919,-1,ok,1,1,0,169.223,-1,0
5,16,12927868,12892271,2462,79,2799,1.25158,163.322,2507,-1,ok,1,1,0,160.342,-1,0
5,17,9833831,12288662,2580,82,3163,1.67251,184.273,2843,-1,ok,1,1,0,180.83,-1,0
5,18,6814149,9852082,1202,38,1190,0.645867,98.3663,1223,-1,ok,1,1,1,95.4879,1202,1
5,19,9528140,2664047,3318,104,4915,2.67672,168.009,3599,-1,ok,1,1,0,163.582,-1,0
5,20,6495471,7529905,2441,78,4519,2.28115,157.587,2761,-1,ok,1,1,0,154.734,-1,0
5,21,12325382,10067215,1607,51,1116,0.593298,161.654,1807,-1,ok,1,1,0,159.152,-1,0
5,22,3585937,1775879,2463,79,2566,1.33253,176.962,2577,-1,ok,1,1,0,174.059,-1,0
5,23,11721680,9491931,1321,43,1046,0.484365,86.6591,1485,-1,ok,1,1,1,83.7751,1321,1
5,24,3621375,11317103,3740,118,7708,3.9418,175.801,3941,-1,ok,1,1,0,171.296,-1,0
5,25,5575100,6646560,1919,62,3508,1.78741,164.46,2043,-1,ok,1,1,0,162.278,-1,0
5,26,6158980,12807081,2860,90,4312,2.30489,188.697,2983,-1,ok,1,1,0,184.643,-1,0
5,27,11764863,10921693,884,28,1001,0.532446,39.6465,921,-1,ok,1,1,1,38.3476,884,1
5,28,10694273,1537590,4589,145,7988,4.34609,193.919,4973,-1,ok,1,1,0,188.116,-1,0
5,29,12581368,7643768,4098,128,5967,3.21995,278.057,4229,-1,ok,1,1,0,273.092,-1,0
5,30,13030402,12409999,2438,78,3766,3.36705,89.0786,2573,-1,ok,1,1,1,85.1602,2438,1
5,31,12223295,6275531,3837,121,5918,3.05594,170.581,4141,-1,ok,1,1,0,166.16,-1,0
5,32,5623637,12139279,3038,95,6387,3.15103,193.538,3339,-1,ok,1,1,0,189.114,-1,0
5,33,8035053,1444783,3156,100,6083,3.54149,161.978,3385,-1,ok,1,1,0,157.45,-1,0
5,34,2880048,10213702,3461,109,5274,2.90332,147.808,3783,-1,ok,1,1,0,142.741,-1,0
5,35,1385201,11261247,4005,127,6339,3.06272,173.427,4353,-1,ok,1,1,0,168.118,-1,0
5,36,6948283,3518629,1448,47,1816,1.03399,189.126,1617,-1,ok,1,1,0,186.715,-1,0
5,37,13034387,859878,5685,179,8627,4.0937,149.799,0,1,length_cap,0,1,0,143.288,-1,0
5,38,1686729,1918309,506,17,401,0.205231,17.0747,513,-1,ok,1,1,1,16.3882,506,1
5,39,2222597,11499473,5854,187,8326,4.16689,177.578,0,1,length_cap,0,1,0,171.407,-1,0
5,40,5141411,11134502,4288,136,7939,3.72531,180.814,4803,-1,ok,1,1,0,175.22,-1,0
5,41,12465838,7448178,2144,67,2173,1.18071,149.663,2223,-1,ok,1,1,0,146.459,-1,0
5,42,10661203,8840327,3818,121,6822,3.43906,162.092,4137,-1,ok,1,1,0,157.01,-1,0
5,43,9236823,3376857,2492,80,3153,1.71736,173.161,2734,-1,ok,1,1,0,169.533,-1,0
5,44,6505621,5115520,816,27,597,0.336854,88.6359,898,-1,ok,1,1,1,87.0278,816,1
5,45,7224318,3455553,1884,61,2846,1.62634,162.511,1975,-1,ok,1,1,0,160.07,-1,0
5,46,3577892,1190856,1756,56,2173,1.11236,174.729,1864,-1,ok,1,1,0,172.194,-1,0
5,47,3204941,3810580,2880,91,4014,2.00478,145.351,3067,-1,ok,1,1,0,141.809,-1,0
5,48,4180108,8576223,2054,66,3736,2.03272,171.155,2139,-1,ok,1,1,0,168.417,-1,0
5,49,12353729,2809446,3785,120,6114,3.1949,168.864,4083,-1,ok,1,1,0,163.539,-1,0
5,50,8395975,2625599,2116,68,3836,2.01258,159.025,2427,-1,ok,1,1,0,155.7,-1,0
5,51,5493528,7925047,1515,48,1587,0.814708,78.4565,1643,-1,ok,1,1,1,75.2691,1515,1
5,52,9212910,11487380,2518,81,4011,2.12102,143.843,2753,-1,ok,1,1,0,140.473,-1,0
5,53,12285366,6402468,2738,86,4014,2.00734,185.44,2919,-1,ok,1,1,0,181.55,-1,0
5,54,6487042,3141638,3876,124,6948,3.24289,168.704,4215,-1,ok,1,1,0,164.38,-1,0
5,55,8016532,6159621,865,28,982,0.481711,59.7071,907,-1,ok,1,1,1,58.0255,865,1
5,56,5515103,10522115,2043,65,3529,1.86898,160.806,2257,-1,ok,1,1,0,157.708,-1,0
5,57,2476815,12608832,4271,135,7024,3.12946,150.478,4703,-1,ok,1,1,0,144.875,-1,0
5,58,12456431,7340845,2238,70,2782,1.48118,155.233,2290,-1,ok,1,1,0,152.179,-1,0
5,59,922742,2055692,666,23,447,0.231208,47.6646,723,-1,ok,1,1,1,46.4541,666,1
5,60,11194911,9705957,3585,113,4161,1.9712,168.165,4007,-1,ok,1,1,0,164.134,-1,0
5,61,6036526,5702403,1491,48,2720,1.31989,56.838,1589,-1,ok,1,1,1,55.3108,1491,1
5,62,11101203,2544770,3426,108,5497,2.69278,154.781,3751,-1,ok,1,1,0,150.4,-1,0
5,63,5493528,5459277,708,24,574,0.301267,4.52945,753,-1,ok,1,1,1,3.76652,708,1
5,64,2388947,10947782,3371,106,4674,2.0131,158.635,3593,-1,ok,1,1,0,154.508,-1,0
5,65,7831705,6396759,719,24,699,0.283225,43.3271,765,-1,ok,1,1,1,42.451,719,1
5,66,842069,12916554,4284,136,5849,2.16335,142.024,4553,-1,ok,1,1,0,138.742,-1,0
5,67,4850422,11280298,4704,148,8277,2.77931,133.327,0,1,length_cap,0,1,0,130.151,-1,0
5,68,11488163,10653983,1116,36,996,0.353474,45.146,1219,-1,ok,1,1,1,44.0293,1116,1
5,69,7579596,8228212,230,7,65,0.035055,4.98021,198,-1,ok,1,1,1,4.72233,230,1
5,70,12001610,2787829,4759,152,7664,2.52533,104.736,0,1,length_cap,0,1,0,101.51,-1,0
5,71,5742610,2055291,1316,42,2383,0.865111,55.6714,1425,-1,ok,1,1,1,53.8789,1316,1
5,72,11880582,8295471,3634,116,5051,1.81943,133.075,4045,-1,ok,1,1,0,130.683,-1,0
5,73,10473387,2457266,4575,144,7851,2.6301,114.242,4817,-1,ok,1,1,0,110.901,-1,0
5,74,5956582,6913395,1978,65,2402,0.893503,111.996,2202,-1,ok,1,1,0,110.579,-1,0
5,75,6219946,5564489,847,28,1173,0.425879,33.0179,889,-1,ok,1,1,1,32.27,847,1
5,76,2081440,12382609,4688,147,7802,2.54054,108.221,0,1,length_cap,0,1,0,104.942,-1,0
5,77,1691073,3744093,1693,53,2002,0.685759,127.002,1737,-1,ok,1,1,0,125.801,-1,0
5,78,8817198,3986522,2108,67,3791,1.30367,119.243,2233,-1,ok,1,1,0,117.556,-1,0
5,79,7948753,9167683,453,15,339,0.141953,17.2243,449,-1,ok,1,1,1,16.6713,453,1
5,80,5933167,1809128,2017,64,3981,1.31731,107.247,2267,-1,ok,1,1,0,105.75,-1,0
5,81,6966816,6407311,457,16,352,0.143205,9.81518,545,-1,ok,1,1,1,9.2964,457,1
5,82,2476107,12023992,4640,148,6620,2.17477,110.617,0,1,length_cap,0,1,0,107.331,-1,0
5,83,4767722,2408797,4057,129,7554,2.52788,102.298,4337,-1,ok,1,1,0,99.8681,-1,0
5,84,3731350,7191902,4549,146,7230,2.44809,102.299,4889,-1,ok,1,1,0,99.6213,-1,0
5,85,7691974,1423542,4300,149,8512,2.82729,117.63,0,1,length_cap,0,1,0,114.562,-1,0
5,86,12485877,3126737,5189,163,7798,2.5727,107.78,0,1,length_cap,0,1,0,104.433,-1,0
5,87,6909604,7200447,137,6,49,0.035366,2.36506,161,-1,ok,1,1,1,2.17997,137,1
5,88,3904717,10577072,2759,88,5664,1.97121,140.039,3001,-1,ok,1,1,0,137.958,-1,0
5,89,8340124,3901242,2357,76,4143,1.43555,114.521,2639,-1,ok,1,1,0,112.631,-1,0
5,90,4075443,11878759,2915,93,5013,1.78219,109.6,3145,-1,ok,1,1,0,107.231,-1,0
5,91,9913504,3945960,2821,90,4591,1.67635,124.393,3102,-1,ok,1,1,0,122.168,-1,0
5,92,7849946,5842851,2633,83,3827,1.3579,109.927,2943,-1,ok,1,1,1,107.398,2633,1
5,93,2178665,5515989,2531,81,4162,1.43839,100.49,2713,-1,ok,1,1,0,98.8393,-1,0
5,94,10144368,3695934,2736,87,4330,1.49008,118.057,2900,-1,ok,1,1,0,115.873,-1,0
5,95,6149849,6790259,1164,37,1121,0.400091,58.7219,1227,-1,ok,1,1,1,57.5791,1164,1
5,96,12359415,9961757,1197,39,977,0.331945,51.8848,1269,-1,ok,1,1,1,50.4814,1197,1
5,97,12611329,8437561,4181,133,6310,2.16297,133.273,4437,-1,ok,1,1,0,130.741,-1,0
5,98,1865682,9892253,3390,106,5838,2.05397,128.107,3593,-1,ok,1,1,0,125.543,-1,0
5,99,6903382,7042632,3042,97,6766,2.34293,115.161,3213,-1,ok,1,1,0,113.324,-1,0
5,100,6037001,13035985,3913,124,8521,2.81619,135.54,4153,-1,ok,1,1,0,132.838,-1,0
5,101,11432291,5361289,3782,121,6341,2.12597,113.146,4215,-1,ok,1,1,0,110.282,-1,0
5,102,2095814,12208510,5712,181,8224,2.67981,119.263,0,1,length_cap,0,1,0,115.776,-1,0
5,103,3721245,10043794,1835,58,2955,1.07793,75.1584,1899,-1,ok,1,1,1,72.2626,1835,1
5,104,1875949,12219863,5866,185,8423,2.74467,122.471,0,1,length_cap,0,1,0,119.122,-1,0
5,105,5433877,7370783,2174,69,4153,1.41303,137.866,2368,-1,ok,1,1,0,136.431,-1,0
5,106,6966746,1889450,2024,70,3660,1.30105,124.042,2372,-1,ok,1,1,0,122.188,-1,0
5,107,12074479,9935930,3204,102,3831,1.29667,132.642,3379,-1,ok,1,1,0,130.606,-1,0
5,108,8171471,10094437,1272,40,849,0.287753,29.3338,1342,-1,ok,1,1,1,27.9764,1272,1
5,109,1583977,12290737,4150,131,5847,1.97785,129.544,4517,-1,ok,1,1,0,126.507,-1,0
5,110,8541711,3431022,2128,69,3957,1.39128,113.186,2451,-1,ok,1,1,0,111.339,-1,0
5,111,945097,9503748,3693,123,5729,1.90222,136.226,4067,-1,ok,1,1,0,133.37,-1,0
5,112,3658695,5318513,1491,48,2259,0.779532,79.2521,1558,-1,ok,1,1,1,77.6213,1491,1
5,113,2754585,3947626,401,14,274,0.122357,12.2279,417,-1,ok,1,1,1,11.7605,401,1
5,114,10502174,11667585,3041,97,4252,1.37704,84.2539,3407,-1,ok,1,1,0,82.2069,-1,0
5,115,10268480,11331403,3940,124,6820,2.31596,111.769,4369,-1,ok,1,1,0,108.857,-1,0
5,116,7825845,1762847,4321,136,8399,2.89076,123.69,4405,-1,ok,1,1,0,121.111,-1,0
5,117,3362086,11653233,3339,105,4726,1.5059,136.801,3563,-1,ok,1,1,0,134.158,-1,0
5,118,10389453,7350623,1413,45,1459,0.522318,97.951,1523,-1,ok,1,1,1,96.132,1413,1
5,119,4506435,6736068,887,29,786,0.284216,33.8529,1043,-1,ok,1,1,1,32.7685,887,1
5,120,5929329,12497247,3028,94,6139,2.14722,139.75,3142,-1,ok,1,1,0,137.484,-1,0
5,121,12410185,7574644,2088,66,1686,0.570437,130.687,2125,-1,ok,1,1,0,128.935,-1,0
5,122,12229428,5440651,2956,93,4693,1.56973,128.621,3139,-1,ok,1,1,0,126.253,-1,0
5,123,1780250,9157158,3337,106,5571,1.88143,156.45,3605,-1,ok,1,1,0,153.925,-1,0
5,124,11302776,5692962,4744,149,8047,3.61491,173.904,4981,-1,ok,1,1,0,168.961,-1,0
5,125,1768886,1792417,1169,39,1346,0.645326,5.74025,1218,-1,ok,1,1,1,4.36773,1169,1
5,126,9050045,1934388,5350,172,8489,3.61074,198.508,0,1,length_cap,0,1,0,193.01,-1,0
5,127,1820605,6200831,1903,60,2685,1.26946,197.84,2043,-1,ok,1,1,0,195.258,-1,0
5,128,10430467,2988856,2977,93,3535,1.72976,159.891,3229,-1,ok,1,1,0,155.943,-1,0
5,129,2439228,6156068,1623,53,2352,1.2769,204.032,1861,-1,ok,1,1,0,201.684,-1,0
5,130,1319267,7253584,2673,86,2274,1.13998,188.314,3077,-1,ok,1,1,0,184.265,-1,0
5,131,7196925,2454290,2503,80,5310,2.50501,181.973,2773,-1,ok,1,1,0,178.708,-1,0
5,132,13030402,3456903,3403,108,5502,2.60872,198.694,3624,-1,ok,1,1,0,193.788,-1,0
5,133,4224358,1052088,1611,54,2149,1.10947,169.874,1845,-1,ok,1,1,0,167.17,-1,0
5,134,12080206,7454087,2122,66,2479,1.20372,188.903,2309,-1,ok,1,1,0,185.809,-1,0
5,135,2068522,1574689,1869,59,1844,0.862327,137.107,1945,-1,ok,1,1,1,134.922,1869,1
5,136,10842340,7134907,3574,124,6337,3.31318,150.562,4175,-1,ok,1,1,0,145.598,-1,0
5,137,2045569,12750493,5410,172,8615,3.69526,161.477,0,1,length_cap,0,1,0,155.889,-1,0
5,138,1691283,1726949,1624,52,1940,0.780535,9.63222,1633,-1,ok,1,1,1,8.26478,1624,1
5,139,2267658,6664151,2812,90,4285,1.75328,129.113,3120,-1,ok,1,1,0,126.364,-1,0
5,140,5981077,11521702,3639,115,7634,3.01489,140.507,4053,-1,ok,1,1,0,136.889,-1,0
5,141,6905897,5956763,2217,72,3697,1.49034,99.6621,2433,-1,ok,1,1,0,97.8017,-1,0
5,142,3746090,7542891,3910,127,5877,2.30839,116.724,4287,-1,ok,1,1,0,113.906,-1,0
5,143,927918,6543619,4456,153,6226,2.27592,144.374,0,1,length_cap,0,1,0,141.076,-1,0
5,144,6931863,7093569,2051,66,3646,1.33433,103.085,2281,-1,ok,1,1,0,101.434,-1,0
5,145,2568120,12342319,3661,116,5076,1.82313,135.381,3949,-1,ok,1,1,0,132.371,-1,0
5,146,7908353,11618893,3471,111,6263,2.29422,113.158,3907,-1,ok,1,1,0,110.418,-1,0
5,147,11438432,11802298,2485,80,4353,1.62237,81.2049,2877,-1,ok,1,1,1,79.1782,2485,1
5,148,2413893,1006952,1862,59,2238,0.76182,122.345,1861,-1,ok,1,1,0,121.083,-1,0
5,149,11409007,1162795,5579,189,8659,2.91004,108.829,0,1,length_cap,0,1,0,105.203,-1,0
5,150,9700992,2679266,4304,137,7823,2.6332,123.015,4677,-1,ok,1,1,0,119.968,-1,0
5,151,9872155,9787811,2375,75,3094,1.1044,81.7096,2465,-1,ok,1,1,0,79.9215,-1,0
5,152,11614672,3408954,4147,129,6507,2.16988,119.219,4440,-1,ok,1,1,0,116.061,-1,0
5,153,9981629,11181633,734,24,487,0.179072,41.6554,737,-1,ok,1,1,1,40.7241,734,1
5,154,3718171,9615151,2308,73,4734,1.64193,63.433,2379,-1,ok,1,1,1,60.7899,2308,1
5,155,3415323,8103407,3865,122,6254,2.18703,129.828,4201,-1,ok,1,1,0,127.484,-1,0
5,156,11110265,1067659,3702,118,6512,2.24009,120.099,3825,-1,ok,1,1,0,117.276,-1,0
5,157,6280476,9981769,2220,69,3336,1.22086,123.291,2201,-1,ok,1,1,0,121.638,-1,0
5,158,6643578,8204315,3641,116,6179,2.16656,106.657,3968,-1,ok,1,1,0,104.412,-1,0
5,159,9685005,4585715,4747,149,8240,2.77318,105.055,4989,-1,ok,1,1,0,102.303,-1,0
5,160,12831341,2638895,3950,123,5102,1.82164,129.788,4199,-1,ok,1,1,0,126.767,-1,0
5,161,8783825,10724143,3006,96,4714,1.61591,114.12,3560,-1,ok,1,1,0,111.741,-1,0
5,162,6714674,4622259,3743,120,6651,2.39452,127.21,3995,-1,ok,1,1,0,124.9,-1,0
5,163,11574983,7241695,3374,107,3870,1.3641,137.386,3561,-1,ok,1,1,0,134.867,-1,0
5,164,6726695,10401558,1931,62,3700,1.28056,134.711,2077,-1,ok,1,1,0,133.097,-1,0
5,165,6217776,4562577,639,22,534,0.199239,16.0232,775,-1,ok,1,1,1,15.2337,639,1
5,166,3978333,2704630,2039,66,3167,1.13213,99.1023,2191,-1,ok,1,1,0,97.7178,-1,0
5,167,7528628,10723775,1234,38,1461,0.559706,55.3643,1233,-1,ok,1,1,1,53.5494,1234,1
5,168,9735496,1569903,4003,127,7598,2.69112,133.307,4244,-1,ok,1,1,0,130.419,-1,0
5,169,998082,9272687,4329,137,7177,2.35371,141.911,4615,-1,ok,1,1,0,138.915,-1,0
5,170,1321918,2206629,1412,45,1644,0.532517,114.47,1437,-1,ok,1,1,0,113.477,-1,0
5,171,6659965,11150045,3320,104,7706,2.61529,124.635,3635,-1,ok,1,1,0,122.175,-1,0
5,172,3731435,7767988,2384,80,2146,0.72413,95.0608,2801,-1,ok,1,1,0,93.1258,-1,0
5,173,3974805,958596,1638,52,2299,0.871634,121.78,1679,-1,ok,1,1,0,120.434,-1,0
5,174,2428329,5775613,2154,69,3043,1.08478,109.937,2387,-1,ok,1,1,0,108.247,-1,0
5,175,1714534,1242194,2738,86,2788,0.962411,97.3117,2721,-1,ok,1,1,0,95.6899,-1,0
5,176,2649840,6642272,1749,58,1822,0.630476,125.431,2005,-1,ok,1,1,0,123.791,-1,0
5,177,6637665,3752951,3356,108,7309,3.93369,107.984,3579,-1,ok,1,1,0,105.629,-1,0
5,178,11854338,7380264,1910,60,2089,0.791145,109.483,2049,-1,ok,1,1,0,107.786,-1,0
5,179,6799419,5675038,2708,87,4615,1.72093,95.4922,2955,-1,ok,1,1,1,93.2555,2708,1
5,180,4194887,1007631,1165,38,1323,0.487122,74.3463,1229,-1,ok,1,1,1,72.886,1165,1
5,181,7226275,11473681,3653,117,7530,2.54399,115.999,4287,-1,ok,1,1,0,113.258,-1,0
5,182,8300223,3253260,3863,125,7768,2.65589,104.901,4173,-1,ok,1,1,0,102.219,-1,0
5,183,1895748,929406,1049,36,1084,0.365777,80.3979,1109,-1,ok,1,1,1,79.3326,1049,1
5,184,10432828,11593598,2985,94,5639,1.97091,115.454,3397,-1,ok,1,1,0,113.405,-1,0
5,185,3746090,7529905,1542,50,1624,0.582349,81.5067,1619,-1,ok,1,1,1,79.4296,1542,1
5,186,3253344,6964518,3608,114,6119,2.10309,98.2305,3681,-1,ok,1,1,0,95.9838,-1,0
5,187,1483093,11345582,5249,179,8004,2.61837,141.997,0,1,length_cap,0,1,0,138.02,-1,0
5,188,1769639,6419115,1907,60,2057,0.661394,132.658,2021,-1,ok,1,1,0,130.966,-1,0
5,189,1953803,11588864,5915,188,8281,2.70231,102.157,0,1,length_cap,0,1,0,98.4192,-1,0
5,190,10813718,4339117,2672,84,3594,1.32204,105.232,2918,-1,ok,1,1,0,103.036,-1,0
5,191,4139954,12718531,4668,147,8611,2.88722,135.115,0,1,length_cap,0,1,0,131.998,-1,0
5,192,11410131,12143449,1295,41,1504,0.498703,46.3113,1509,-1,ok,1,1,1,45.0573,1295,1
5,193,12955129,5083650,4479,139,5616,1.94788,104.724,4819,-1,ok,1,1,0,101.631,-1,0
5,194,4034968,11166459,3294,104,6216,2.19584,140.419,3435,-1,ok,1,1,0,137.841,-1,0
5,195,12321886,6473680,2881,90,3924,1.28414,110.17,3043,-1,ok,1,1,0,107.843,-1,0
5,196,1431067,12748470,4263,135,6050,2.06087,141.09,4629,-1,ok,1,1,0,137.83,-1,0
5,197,6895032,9886330,3072,95,6557,2.23655,113.959,3208,-1,ok,1,1,0,111.793,-1,0
5,198,8039344,11409990,3078,96,5710,1.99434,121.874,3421,-1,ok,1,1,0,119.459,-1,0
5,199,3159648,2262293,1368,45,1487,0.484528,92.572,1563,-1,ok,1,1,1,91.291,1368,1
6,0,2010448,7813185,3537,56,1952,0.673907,106.675,4153,-1,ok,1,1,0,104.135,-1,0
6,1,12579166,9078023,1568,25,383,0.158583,108.459,1869,-1,ok,1,1,0,106.92,-1,0
6,2,1333590,4439595,1414,23,433,0.154666,133.151,1543,-1,ok,1,1,0,131.839,-1,0
6,3,3773467,3914009,3647,59,2248,0.713271,88.9231,4349,-1,ok,1,1,0,86.3333,-1,0
6,4,3313148,2503221,1216,18,358,0.131965,51.343,1243,-1,ok,1,1,1,50.2616,1216,1
6,5,7140541,10774717,1925,33,1194,0.431939,119.337,2365,-1,ok,1,1,0,117.613,-1,0
6,6,8187875,9706060,1310,21,530,0.224396,57.3889,1461,-1,ok,1,1,1,55.8957,1310,1
6,7,9627843,9885990,3738,58,2069,0.7135,145.415,4589,-1,ok,1,1,0,142.56,-1,0
6,8,7658869,7341623,669,11,203,0.0863,44.953,752,-1,ok,1,1,1,44.2179,669,1
6,9,9079560,12955119,2601,42,1377,0.514642,108.639,3402,-1,ok,1,1,0,106.265,-1,0
6,10,3021799,6079542,2013,32,649,0.217783,97.6836,2378,-1,ok,1,1,0,95.9888,-1,0
6,11,3809714,13009546,3762,62,1748,0.539087,94.5954,4427,-1,ok,1,1,0,91.5748,-1,0
6,12,8103489,7107447,2089,33,587,0.20524,127.194,2247,-1,ok,1,1,0,125.578,-1,0
6,13,2332859,8426127,4263,72,2271,0.747674,117.352,0,1,length_cap,0,1,0,114.042,-1,0
6,14,12044454,2416847,4675,73,2450,0.805902,124.475,0,1,length_cap,0,1,0,121.234,-1,0
6,15,7549516,3032970,3582,56,1854,0.599791,120.849,3820,-1,ok,1,1,0,118.237,-1,0
6,16,12927868,12892271,2462,41,904,0.274258,103.517,2977,-1,ok,1,1,0,101.536,-1,0
6,17,9833831,12288662,2580,41,941,0.293494,136.321,3083,-1,ok,1,1,0,134.322,-1,0
6,18,6814149,9852082,1202,20,427,0.169913,71.5893,1435,-1,ok,1,1,1,69.738,1202,1
6,19,9528140,2664047,3318,54,1476,0.487072,106.998,3812,-1,ok,1,1,0,104.47,-1,0
6,20,6495471,7529905,2441,39,1435,0.494647,107.711,3109,-1,ok,1,1,0,105.863,-1,0
6,21,12325382,10067215,1607,26,359,0.131422,103.961,2201,-1,ok,1,1,0,102.317,-1,0
6,22,3585937,1775879,2463,40,771,0.266803,138.601,2845,-1,ok,1,1,0,136.86,-1,0
6,23,11721680,9491931,1321,22,343,0.131073,64.0109,1671,-1,ok,1,1,1,62.081,1321,1
6,24,3621375,11317103,3740,60,2428,0.787688,127.187,4459,-1,ok,1,1,0,124.323,-1,0
6,25,5575100,6646560,1919,31,1079,0.392276,114.178,1947,-1,ok,1,1,0,112.979,-1,0
6,26,6158980,12807081,2860,45,1314,0.499274,137.408,2987,-1,ok,1,1,0,135.021,-1,0
6,27,11764863,10921693,884,15,284,0.121465,27.8098,1173,-1,ok,1,1,1,26.8542,884,1
6,28,10694273,1537590,4589,73,2465,0.78289,126.535,0,1,length_cap,0,1,0,123.326,-1,0
6,29,12581368,7643768,4098,64,1781,0.547213,132.665,4433,-1,ok,1,1,0,129.815,-1,0
6,30,13030402,12409999,2438,39,1159,0.423865,56.6247,2499,-1,ok,1,1,1,54.631,2438,1
6,31,12223295,6275531,3837,61,1901,0.667735,131.244,4701,-1,ok,1,1,0,128.421,-1,0
6,32,5623637,12139279,3038,48,2002,1.15556,143.891,3571,-1,ok,1,1,0,140.929,-1,0
6,33,8035053,1444783,3156,49,1939,0.625077,114.614,3839,-1,ok,1,1,0,112.034,-1,0
6,34,2880048,10213702,3461,54,1580,0.503681,101.784,4039,-1,ok,1,1,0,98.9375,-1,0
6,35,1385201,11261247,4005,65,1944,0.57799,127.163,4539,-1,ok,1,1,0,124.022,-1,0
6,36,6948283,3518629,1448,25,628,0.241678,135.35,1921,-1,ok,1,1,0,133.915,-1,0
6,37,13034387,859878,5685,90,2678,0.833423,100.84,0,1,length_cap,0,1,0,97.2994,-1,0
6,38,1686729,1918309,506,9,117,0.058508,12.356,513,-1,ok,1,1,1,11.9381,506,1
6,39,2222597,11499473,5854,95,2579,0.769866,122.115,0,1,length_cap,0,1,0,118.59,-1,0
6,40,5141411,11134502,4288,69,2467,0.775486,132.344,0,1,length_cap,0,1,0,129.033,-1,0
6,41,12465838,7448178,2144,34,663,0.249593,100.523,2795,-1,ok,1,1,0,98.5305,-1,0
6,42,10661203,8840327,3818,61,1981,0.628404,113.472,4593,-1,ok,1,1,0,110.431,-1,0
6,43,9236823,3376857,2492,42,1048,0.368372,117.323,3028,-1,ok,1,1,0,115.117,-1,0
6,44,6505621,5115520,816,14,156,0.076563,62.5586,892,-1,ok,1,1,1,61.5311,816,1
6,45,7224318,3455553,1884,31,916,0.338236,107.775,2211,-1,ok,1,1,0,106.246,-1,0
6,46,3577892,1190856,1756,28,610,0.21541,132.521,1903,-1,ok,1,1,0,131.088,-1,0
6,47,3204941,3810580,2880,47,1339,0.418495,100.326,3580,-1,ok,1,1,0,98.1112,-1,0
6,48,4180108,8576223,2054,34,1121,0.399188,121.196,2227,-1,ok,1,1,0,119.425,-1,0
6,49,12353729,2809446,3785,60,1845,0.596755,124.702,4161,-1,ok,1,1,0,121.758,-1,0
6,50,8395975,2625599,2116,33,1228,0.47465,123.214,2143,-1,ok,1,1,0,121.296,-1,0
6,51,5493528,7925047,1515,24,490,0.166889,54.8407,1883,-1,ok,1,1,1,52.8578,1515,1
6,52,9212910,11487380,2518,40,1286,0.485696,102.037,2974,-1,ok,1,1,0,99.8854,-1,0
6,53,12285366,6402468,2738,44,1295,0.429225,129.739,3037,-1,ok,1,1,0,127.344,-1,0
6,54,6487042,3141638,3876,61,2182,0.68088,124.368,4331,-1,ok,1,1,0,121.673,-1,0
6,55,8016532,6159621,865,14,303,0.124235,45.3074,921,-1,ok,1,1,1,44.0436,865,1
6,56,5515103,10522115,2043,33,1072,0.407614,110.812,2389,-1,ok,1,1,0,108.908,-1,0
6,57,2476815,12608832,4271,68,2220,0.687432,103.687,4941,-1,ok,1,1,0,100.255,-1,0
6,58,12456431,7340845,2238,35,823,0.309944,116.675,2445,-1,ok,1,1,0,114.633,-1,0
6,59,922742,2055692,666,12,133,0.068668,37.6061,669,-1,ok,1,1,1,36.6896,666,1
6,60,11194911,9705957,3585,56,1262,0.440074,133.528,4297,-1,ok,1,1,0,131.052,-1,0
6,61,6036526,5702403,1491,25,864,0.29164,41.7798,1881,-1,ok,1,1,1,40.5524,1491,1
6,62,11101203,2544770,3426,56,1713,0.624957,120.323,4237,-1,ok,1,1,0,117.474,-1,0
6,63,5493528,5459277,708,13,207,0.078274,3.57201,847,-1,ok,1,1,1,2.92245,708,1
6,64,2388947,10947782,3371,54,1362,0.40514,121.58,3999,-1,ok,1,1,0,119.019,-1,0
6,65,7831705,6396759,719,12,212,0.086631,41.5401,759,-1,ok,1,1,1,40.6625,719,1
6,66,842069,12916554,4284,70,1799,0.579692,139.341,4844,-1,ok,1,1,0,135.969,-1,0
6,67,4850422,11280298,4704,76,2611,0.840556,134.249,0,1,length_cap,0,1,0,131.22,-1,0
6,68,11488163,10653983,1116,19,299,0.119992,45.5805,1395,-1,ok,1,1,1,44.376,1116,1
6,69,7579596,8228212,230,4,23,0.017622,4.93259,209,-1,ok,1,1,1,4.64579,230,1
6,70,12001610,2787829,4759,77,2403,0.739188,105.815,0,1,length_cap,0,1,0,102.554,-1,0
6,71,5742610,2055291,1316,22,785,0.287462,55.1541,1629,-1,ok,1,1,1,53.3722,1316,1
6,72,11880582,8295471,3634,59,1620,0.488434,134.305,4621,-1,ok,1,1,0,131.552,-1,0
6,73,10473387,2457266,4575,72,2475,0.753174,116.137,0,1,length_cap,0,1,0,112.704,-1,0
6,74,5956582,6913395,1978,31,775,0.265391,115.066,2177,-1,ok,1,1,0,113.658,-1,0
6,75,6219946,5564489,847,15,392,0.146151,34.7253,1199,-1,ok,1,1,1,33.7131,847,1
6,76,2081440,12382609,4688,73,2421,0.990771,125.915,0,1,length_cap,0,1,0,122.302,-1,0
6,77,1691073,3744093,1693,26,565,0.192366,134.123,1673,-1,ok,1,1,0,132.933,-1,0
6,78,8817198,3986522,2108,34,1234,0.430707,119.736,2297,-1,ok,1,1,0,118.015,-1,0
6,79,7948753,9167683,453,8,108,0.058258,17.4831,449,-1,ok,1,1,1,16.8957,453,1
6,80,5933167,1809128,2017,33,1317,0.409509,107.716,2441,-1,ok,1,1,0,106.112,-1,0
6,81,6966816,6407311,457,9,116,0.05962,9.99019,691,-1,ok,1,1,1,9.30388,457,1
6,82,2476107,12023992,4640,76,2099,0.68588,110.602,0,1,length_cap,0,1,0,106.762,-1,0
6,83,4767722,2408797,4057,65,2319,0.715484,103.1,4652,-1,ok,1,1,0,100.397,-1,0
6,84,3731350,7191902,4549,73,2268,0.681192,102.029,0,1,length_cap,0,1,0,99.1705,-1,0
6,85,7691974,1423542,4300,74,2655,0.81079,118.261,0,1,length_cap,0,1,0,115.116,-1,0
6,86,12485877,3126737,5189,83,2429,0.750078,108.002,0,1,length_cap,0,1,0,104.561,-1,0
6,87,6909604,7200447,137,4,15,0.020869,2.39033,193,-1,ok,1,1,1,2.16136,137,1
6,88,3904717,10577072,2759,45,1804,0.610611,137.2,3367,-1,ok,1,1,0,134.92,-1,0
6,89,8340124,3901242,2357,37,1313,0.43237,112.965,2485,-1,ok,1,1,0,111.229,-1,0
6,90,4075443,11878759,2915,47,1558,0.487543,110.731,3293,-1,ok,1,1,0,108.143,-1,0
6,91,9913504,3945960,2821,46,1523,0.506939,123.144,3579,-1,ok,1,1,0,120.621,-1,0
6,92,7849946,5842851,2633,42,1222,0.403586,111.556,2856,-1,ok,1,1,1,109.039,2633,1
6,93,2178665,5515989,2531,39,1202,0.397316,113.108,2941,-1,ok,1,1,0,111.303,-1,0
6,94,10144368,3695934,2736,44,1397,0.514312,120.303,3309,-1,ok,1,1,0,117.865,-1,0
6,95,6149849,6790259,1164,19,423,0.158474,60.2239,1269,-1,ok,1,1,1,59.0452,1164,1
6,96,12359415,9961757,1197,20,318,0.119762,52.1694,1217,-1,ok,1,1,1,50.7984,1197,1
6,97,12611329,8437561,4181,67,1964,0.617773,134.585,4805,-1,ok,1,1,0,131.72,-1,0
6,98,1865682,9892253,3390,54,1806,0.534448,134.324,3871,-1,ok,1,1,0,131.588,-1,0
6,99,6903382,7042632,3042,48,2112,0.661755,118.922,3197,-1,ok,1,1,0,117.021,-1,0
6,100,6037001,13035985,3913,62,2632,0.819887,136.088,4591,-1,ok,1,1,0,133.089,-1,0
6,101,11432291,5361289,3782,61,2029,0.659211,116.905,4483,-1,ok,1,1,0,113.892,-1,0
6,102,2095814,12208510,5712,91,2583,0.76174,121.233,0,1,length_cap,0,1,0,117.598,-1,0
6,103,3721245,10043794,1835,30,891,0.305916,76.3728,1905,-1,ok,1,1,1,73.3185,1835,1
6,104,1875949,12219863,5866,94,2652,0.80495,123.805,0,1,length_cap,0,1,0,120.252,-1,0
6,105,5433877,7370783,2174,35,1309,0.440265,139.798,2478,-1,ok,1,1,0,138.338,-1,0
6,106,6966746,1889450,2024,35,1224,0.467326,129.756,2735,-1,ok,1,1,0,127.663,-1,0
6,107,12074479,9935930,3204,50,1150,0.364605,135.621,3567,-1,ok,1,1,0,133.419,-1,0
6,108,8171471,10094437,1272,22,285,0.111887,29.6149,1604,-1,ok,1,1,1,28.0281,1272,1
6,109,1583977,12290737,4150,67,1844,0.549878,130.506,0,1,length_cap,0,1,0,127.231,-1,0
6,110,8541711,3431022,2128,34,1256,0.397314,116.141,2941,-1,ok,1,1,0,114.061,-1,0
6,111,945097,9503748,3693,62,1746,0.522127,139.353,4786,-1,ok,1,1,0,136.156,-1,0
6,112,3658695,5318513,1491,24,720,0.30818,79.9618,1770,-1,ok,1,1,1,78.2395,1491,1
6,113,2754585,3947626,401,8,92,0.040676,12.24,449,-1,ok,1,1,1,11.7722,401,1
6,114,10502174,11667585,3041,48,1349,0.414276,87.1462,3889,-1,ok,1,1,0,84.8879,-1,0
6,115,10268480,11331403,3940,60,2077,0.628503,115.769,4598,-1,ok,1,1,0,112.807,-1,0
6,116,7825845,1762847,4321,68,2617,0.822433,123.237,4481,-1,ok,1,1,0,120.491,-1,0
6,117,3362086,11653233,3339,54,1493,0.476452,139.234,4187,-1,ok,1,1,0,136.374,-1,0
6,118,10389453,7350623,1413,24,461,0.16171,103.069,1930,-1,ok,1,1,1,101.069,1413,1
6,119,4506435,6736068,887,15,245,0.105326,33.5463,1043,-1,ok,1,1,1,32.4606,887,1
6,120,5929329,12497247,3028,48,1966,0.672064,140.102,3439,-1,ok,1,1,0,137.709,-1,0
6,121,12410185,7574644,2088,35,523,0.179321,129.078,2707,-1,ok,1,1,0,127.137,-1,0
6,122,12229428,5440651,2956,47,1456,0.485108,129.317,3227,-1,ok,1,1,0,126.866,-1,0
6,123,1780250,9157158,3337,53,1738,0.510214,120.325,3809,-1,ok,1,1,0,117.761,-1,0
6,124,11302776,5692962,4744,77,2480,0.786465,131.601,0,1,length_cap,0,1,0,128.388,-1,0
6,125,1768886,1792417,1169,19,387,0.135912,3.92484,1153,-1,ok,1,1,1,3.21532,1169,1
6,126,9050045,1934388,5350,85,2651,0.81025,136.246,0,1,length_cap,0,1,0,133.085,-1,0
6,127,1820605,6200831,1903,29,773,0.267306,140.659,2243,-1,ok,1,1,0,138.982,-1,0
6,128,10430467,2988856,2977,48,1148,0.384242,112.32,3283,-1,ok,1,1,0,109.944,-1,0
6,129,2439228,6156068,1623,26,690,0.241257,138.471,2209,-1,ok,1,1,0,136.904,-1,0
6,130,1319267,7253584,2673,44,692,0.22189,139.678,3280,-1,ok,1,1,0,137.382,-1,0
6,131,7196925,2454290,2503,39,1677,0.508441,121.776,2909,-1,ok,1,1,0,119.68,-1,0
6,132,13030402,3456903,3403,55,1799,0.569365,151.488,3678,-1,ok,1,1,0,148.75,-1,0
6,133,4224358,1052088,1611,26,634,0.248524,121.038,1753,-1,ok,1,1,0,119.637,-1,0
6,134,12080206,7454087,2122,33,766,0.265752,119.114,2219,-1,ok,1,1,0,117.224,-1,0
6,135,2068522,1574689,1869,30,527,0.181997,96.6394,1900,-1,ok,1,1,1,95.3747,1869,1
6,136,10842340,7134907,3574,63,1988,0.62064,106.992,4376,-1,ok,1,1,0,104.151,-1,0
6,137,2045569,12750493,5410,90,2682,0.791656,132.559,0,1,length_cap,0,1,0,128.814,-1,0
6,138,1691283,1726949,1624,27,600,0.202184,8.9399,1665,-1,ok,1,1,1,7.83753,1624,1
6,139,2267658,6664151,2812,47,1327,0.434805,128.2,3390,-1,ok,1,1,0,126.223,-1,0
6,140,5981077,11521702,3639,57,2363,0.766267,136.609,4349,-1,ok,1,1,0,133.602,-1,0
6,141,6905897,5956763,2217,35,1195,0.422832,96.8428,2565,-1,ok,1,1,0,95.1659,-1,0
6,142,3746090,7542891,3910,63,1853,0.570386,114.97,4583,-1,ok,1,1,0,112.269,-1,0
6,143,927918,6543619,4456,76,1979,0.620268,141.306,0,1,length_cap,0,1,0,138.113,-1,0
6,144,6931863,7093569,2051,33,1144,0.406072,108.107,2369,-1,ok,1,1,0,106.576,-1,0
6,145,2568120,12342319,3661,59,1560,0.473958,133.872,4237,-1,ok,1,1,0,130.4,-1,0
6,146,7908353,11618893,3471,55,2023,0.619166,111.872,4182,-1,ok,1,1,0,108.803,-1,0
6,147,11438432,11802298,2485,40,1339,0.42107,81.1099,3257,-1,ok,1,1,1,78.7032,2485,1
6,148,2413893,1006952,1862,30,651,0.239003,118.179,2101,-1,ok,1,1,0,116.846,-1,0
6,149,11409007,1162795,5579,94,2694,0.820378,109.187,0,1,length_cap,0,1,0,105.238,-1,0
6,150,9700992,2679266,4304,69,2485,0.787548,124.65,0,1,length_cap,0,1,0,121.208,-1,0
6,151,9872155,9787811,2375,37,1006,0.337224,79.4741,2681,-1,ok,1,1,0,77.5438,-1,0
6,152,11614672,3408954,4147,65,2054,0.631209,119.595,4714,-1,ok,1,1,0,116.156,-1,0
6,153,9981629,11181633,734,12,148,0.064539,40.5241,705,-1,ok,1,1,1,39.6837,734,1
6,154,3718171,9615151,2308,38,1528,0.49134,63.1555,2389,-1,ok,1,1,1,60.4542,2308,1
6,155,3415323,8103407,3865,61,2029,0.642569,129.987,4288,-1,ok,1,1,0,127.488,-1,0
6,156,11110265,1067659,3702,59,2035,0.652698,119.902,3740,-1,ok,1,1,0,117.063,-1,0
6,157,6280476,9981769,2220,34,892,0.306327,126.459,2219,-1,ok,1,1,0,124.708,-1,0
6,158,6643578,8204315,3641,58,1959,0.630277,105.703,4506,-1,ok,1,1,0,103.046,-1,0
6,159,9685005,4585715,4747,76,2569,0.77293,104.336,0,1,length_cap,0,1,0,101.317,-1,0
6,160,12831341,2638895,3950,63,1618,0.483595,129.064,4765,-1,ok,1,1,0,125.686,-1,0
6,161,8783825,10724143,3006,48,1499,0.48597,112.456,4060,-1,ok,1,1,0,109.761,-1,0
6,162,6714674,4622259,3743,59,2107,0.661916,117.661,4073,-1,ok,1,1,0,115.308,-1,0
6,163,11574983,7241695,3374,55,1246,0.384303,136.406,4407,-1,ok,1,1,0,133.662,-1,0
6,164,6726695,10401558,1931,31,1150,0.37252,131.974,2712,-1,ok,1,1,0,130.005,-1,0
6,165,6217776,4562577,639,12,167,0.07033,15.8585,807,-1,ok,1,1,1,15.0051,639,1
6,166,3978333,2704630,2039,32,951,0.297642,96.4955,2271,-1,ok,1,1,0,95.1157,-1,0
6,167,7528628,10723775,1234,19,433,0.151389,53.3586,1159,-1,ok,1,1,1,51.6408,1234,1
6,168,9735496,1569903,4003,63,2376,0.726545,128.404,4435,-1,ok,1,1,0,125.438,-1,0
6,169,998082,9272687,4329,80,2176,0.638501,142.163,0,1,length_cap,0,1,0,138.647,-1,0
6,170,1321918,2206629,1412,23,473,0.166257,111.592,1547,-1,ok,1,1,0,110.263,-1,0
6,171,6659965,11150045,3320,52,2475,0.793999,121.315,4307,-1,ok,1,1,0,118.484,-1,0
6,172,3731435,7767988,2384,39,690,0.229435,94.2152,3036,-1,ok,1,1,0,92.0853,-1,0
6,173,3974805,958596,1638,27,710,0.244903,120.681,1709,-1,ok,1,1,0,119.287,-1,0
6,174,2428329,5775613,2154,34,923,0.29716,106.153,2799,-1,ok,1,1,0,104.09,-1,0
6,175,1714534,1242194,2738,43,829,0.263237,95.5701,2689,-1,ok,1,1,0,93.8635,-1,0
6,176,2649840,6642272,1749,29,548,0.207635,121.701,2249,-1,ok,1,1,0,120,-1,0
6,177,6637665,3752951,3356,53,2237,0.694275,108.952,3757,-1,ok,1,1,0,106.381,-1,0
6,178,11854338,7380264,1910,30,612,0.219036,110.683,3069,-1,ok,1,1,0,108.455,-1,0
6,179,6799419,5675038,2708,44,1435,0.487121,97.8921,2907,-1,ok,1,1,1,95.6384,2708,1
6,180,4194887,1007631,1165,19,380,0.169343,74.1794,1224,-1,ok,1,1,1,72.7349,1165,1
6,181,7226275,11473681,3653,58,2302,0.741613,116.658,4345,-1,ok,1,1,0,113.884,-1,0
6,182,8300223,3253260,3863,60,2305,0.722256,104.505,4087,-1,ok,1,1,0,101.801,-1,0
6,183,1895748,929406,1049,18,328,0.116947,81.1463,1237,-1,ok,1,1,1,79.9105,1049,1
6,184,10432828,11593598,2985,47,1846,0.638622,116.373,3829,-1,ok,1,1,0,114.031,-1,0
6,185,3746090,7529905,1542,26,491,0.191886,79.8001,1891,-1,ok,1,1,1,77.7476,1542,1
6,186,3253344,6964518,3608,57,1946,0.607886,99.163,4016,-1,ok,1,1,0,96.6045,-1,0
6,187,1483093,11345582,5249,89,2450,0.772549,143.775,0,1,length_cap,0,1,0,140.083,-1,0
6,188,1769639,6419115,1907,30,583,0.197145,132.396,1989,-1,ok,1,1,0,130.724,-1,0
6,189,1953803,11588864,5915,97,2593,0.845716,101.922,0,1,length_cap,0,1,0,97.7988,-1,0
6,190,10813718,4339117,2672,42,1123,0.374042,107.231,3011,-1,ok,1,1,0,105.005,-1,0
6,191,4139954,12718531,4668,76,2675,0.832951,135.258,0,1,length_cap,0,1,0,131.935,-1,0
6,192,11410131,12143449,1295,21,450,0.158082,46.311,1713,-1,ok,1,1,1,44.9257,1295,1
6,193,12955129,5083650,4479,70,1729,0.587958,107.821,0,1,length_cap,0,1,0,104.204,-1,0
6,194,4034968,11166459,3294,53,1966,0.59976,141.454,3519,-1,ok,1,1,0,138.412,-1,0
6,195,12321886,6473680,2881,45,1206,0.408045,109.604,3065,-1,ok,1,1,0,107.224,-1,0
6,196,1431067,12748470,4263,69,1863,0.572719,141.331,4866,-1,ok,1,1,0,137.823,-1,0
6,197,6895032,9886330,3072,49,2176,0.668928,115,3775,-1,ok,1,1,0,112.423,-1,0
6,198,8039344,11409990,3078,48,1857,0.575495,120.443,3539,-1,ok,1,1,0,117.946,-1,0
6,199,3159648,2262293,1368,22,406,0.146491,87.6295,1617,-1,ok,1,1,1,86.2291,1368,1
8,0,2010448,7813185,3537,14,234,0.101729,107.282,0,1,length_cap,0,1,0,104.242,-1,0
8,1,12579166,9078023,1568,7,43,0.028232,110.804,2120,-1,ok,1,1,0,109.002,-1,0
8,2,1333590,4439595,1414,6,37,0.025737,132.628,1674,-1,ok,1,1,0,131.198,-1,0
8,3,3773467,3914009,3647,17,282,0.095788,88.1915,4589,-1,ok,1,1,0,85.4648,-1,0
8,4,3313148,2503221,1216,6,43,0.025186,49.995,1557,-1,ok,1,1,1,48.6198,1216,1
8,5,7140541,10774717,1925,9,148,0.060462,114.96,2739,-1,ok,1,1,0,112.96,-1,0
8,6,8187875,9706060,1310,7,86,0.044732,56.7245,2211,-1,ok,1,1,1,54.754,1310,1
8,7,9627843,9885990,3738,14,230,0.082483,139.607,0,1,length_cap,0,1,0,136.317,-1,0
8,8,7658869,7341623,669,4,41,0.043,44.3728,949,-1,ok,1,1,1,43.5127,669,1
8,9,9079560,12955119,2601,11,178,0.064299,107.974,4593,-1,ok,1,1,0,104.955,-1,0
8,10,3021799,6079542,2013,9,82,0.038972,96.7428,2513,-1,ok,1,1,0,95.0217,-1,0
8,11,3809714,13009546,3762,17,227,0.083515,94.9594,0,1,length_cap,0,1,0,91.3133,-1,0
8,12,8103489,7107447,2089,8,74,0.038832,124.458,2622,-1,ok,1,1,0,122.605,-1,0
8,13,2332859,8426127,4263,17,255,0.089334,115.43,0,1,length_cap,0,1,0,111.855,-1,0
8,14,12044454,2416847,4675,18,297,0.122778,124.996,0,1,length_cap,0,1,0,121.208,-1,0
8,15,7549516,3032970,3582,14,229,0.083105,121.05,4006,-1,ok,1,1,0,118.34,-1,0
8,16,12927868,12892271,2462,11,106,0.061002,104.543,4671,-1,ok,1,1,0,101.524,-1,0
8,17,9833831,12288662,2580,11,118,0.058719,136.115,4869,-1,ok,1,1,0,133.155,-1,0
8,18,6814149,9852082,1202,6,57,0.036086,70.5465,2877,-1,ok,1,1,1,68.039,1202,1
8,19,9528140,2664047,3318,16,246,0.09737,106.3,0,1,length_cap,0,1,0,102.969,-1,0
8,20,6495471,7529905,2441,9,167,0.065912,106.926,3177,-1,ok,1,1,0,105.028,-1,0
8,21,12325382,10067215,1607,7,46,0.031017,104.95,3009,-1,ok,1,1,0,102.915,-1,0
8,22,3585937,1775879,2463,11,87,0.04331,137.104,3523,-1,ok,1,1,0,134.978,-1,0
8,23,11721680,9491931,1321,6,43,0.029314,63.7214,1573,-1,ok,1,1,1,61.8476,1321,1
8,24,3621375,11317103,3740,16,296,0.103361,126.761,0,1,length_cap,0,1,0,123.314,-1,0
8,25,5575100,6646560,1919,8,114,0.053519,109.173,3546,-1,ok,1,1,0,106.999,-1,0
8,26,6158980,12807081,2860,12,190,0.073215,136.79,3122,-1,ok,1,1,0,134.216,-1,0
8,27,11764863,10921693,884,4,19,0.022251,28.5908,1970,-1,ok,1,1,1,27.0388,884,1
8,28,10694273,1537590,4589,20,310,0.095748,125.975,0,1,length_cap,0,1,0,122.334,-1,0
8,29,12581368,7643768,4098,17,207,0.074448,133.179,0,1,length_cap,0,1,0,129.611,-1,0
8,30,13030402,12409999,2438,11,161,0.065001,57.4217,3898,-1,ok,1,1,1,54.5701,2438,1
8,31,12223295,6275531,3837,13,179,0.079728,129.299,0,1,length_cap,0,1,0,126.131,-1,0
8,32,5623637,12139279,3038,14,266,0.094956,140.678,4875,-1,ok,1,1,0,137.401,-1,0
8,33,8035053,1444783,3156,13,255,0.092673,114.574,4145,-1,ok,1,1,0,111.681,-1,0
8,34,2880048,10213702,3461,15,222,0.07544,101.698,0,1,length_cap,0,1,0,98.3512,-1,0
8,35,1385201,11261247,4005,17,232,0.082002,129.076,0,1,length_cap,0,1,0,125.491,-1,0
8,36,6948283,3518629,1448,8,125,0.057247,133.364,2633,-1,ok,1,1,0,131.447,-1,0
8,37,13034387,859878,5685,24,330,0.112028,110.311,0,1,length_cap,0,1,0,106.108,-1,0
8,38,1686729,1918309,506,4,18,0.017723,12.8159,841,-1,ok,1,1,1,12.0002,506,1
8,39,2222597,11499473,5854,24,319,0.108381,124.173,0,1,length_cap,0,1,0,119.906,-1,0
8,40,5141411,11134502,4288,18,312,0.108911,133.558,0,1,length_cap,0,1,0,129.777,-1,0
8,41,12465838,7448178,2144,10,83,0.041055,103.091,4763,-1,ok,1,1,0,99.8591,-1,0
8,42,10661203,8840327,3818,16,231,0.089295,115.17,0,1,length_cap,0,1,0,111.682,-1,0
8,43,9236823,3376857,2492,10,152,0.060051,118.815,3656,-1,ok,1,1,0,116.157,-1,0
8,44,6505621,5115520,816,3,14,0.017212,64.0268,943,-1,ok,1,1,1,62.8847,816,1
8,45,7224318,3455553,1884,8,112,0.055002,106.913,2083,-1,ok,1,1,0,105.401,-1,0
8,46,3577892,1190856,1756,7,55,0.031759,131.485,1813,-1,ok,1,1,0,130.064,-1,0
8,47,3204941,3810580,2880,13,171,0.065371,102.097,3587,-1,ok,1,1,0,99.9476,-1,0
8,48,4180108,8576223,2054,9,136,0.061282,124.753,3178,-1,ok,1,1,0,122.441,-1,0
8,49,12353729,2809446,3785,16,261,0.094696,124.1,0,1,length_cap,0,1,0,120.335,-1,0
8,50,8395975,2625599,2116,9,165,0.066332,119.878,2672,-1,ok,1,1,0,117.585,-1,0
8,51,5493528,7925047,1515,7,62,0.035727,55.7054,3174,-1,ok,1,1,1,53.0674,1515,1
8,52,9212910,11487380,2518,12,142,0.063047,104.658,3508,-1,ok,1,1,0,102.194,-1,0
8,53,12285366,6402468,2738,12,170,0.06513,131.122,4051,-1,ok,1,1,0,128.105,-1,0
8,54,6487042,3141638,3876,15,263,0.093092,124.396,4392,-1,ok,1,1,0,121.493,-1,0
8,55,8016532,6159621,865,5,52,0.034513,44.3068,1198,-1,ok,1,1,1,42.9461,865,1
8,56,5515103,10522115,2043,10,161,0.062746,110.008,3329,-1,ok,1,1,0,107.708,-1,0
8,57,2476815,12608832,4271,17,280,0.093282,103.622,0,1,length_cap,0,1,0,99.8792,-1,0
8,58,12456431,7340845,2238,10,130,0.055944,114.581,2659,-1,ok,1,1,0,112.395,-1,0
8,59,922742,2055692,666,4,13,0.02702,38.9017,621,-1,ok,1,1,1,38.0971,666,1
8,60,11194911,9705957,3585,14,168,0.060032,131.724,0,1,length_cap,0,1,0,128.512,-1,0
8,61,6036526,5702403,1491,7,104,0.047849,42.5138,2379,-1,ok,1,1,1,40.949,1491,1
8,62,11101203,2544770,3426,15,254,0.096469,119.926,0,1,length_cap,0,1,0,116.64,-1,0
8,63,5493528,5459277,708,4,33,0.023012,3.79581,950,-1,ok,1,1,1,3.00669,708,1
8,64,2388947,10947782,3371,14,177,0.059814,122.314,0,1,length_cap,0,1,0,118.868,-1,0
8,65,7831705,6396759,719,4,33,0.023734,42.5829,1495,-1,ok,1,1,1,41.2865,719,1
8,66,842069,12916554,4284,18,228,0.073566,140.509,0,1,length_cap,0,1,0,136.906,-1,0
8,67,4850422,11280298,4704,18,320,0.110725,133.624,0,1,length_cap,0,1,0,130.269,-1,0
8,68,11488163,10653983,1116,6,51,0.033442,45.5512,1939,-1,ok,1,1,1,43.9721,1116,1
8,69,7579596,8228212,230,2,3,0.005941,5.10297,346,-1,ok,1,1,1,4.69649,230,1
8,70,12001610,2787829,4759,20,302,0.086571,106.103,0,1,length_cap,0,1,0,102.366,-1,0
8,71,5742610,2055291,1316,6,102,0.046016,55.0088,1729,-1,ok,1,1,1,53.1426,1316,1
8,72,11880582,8295471,3634,15,226,0.085477,133.785,0,1,length_cap,0,1,0,130.701,-1,0
8,73,10473387,2457266,4575,18,291,0.098113,116.794,0,1,length_cap,0,1,0,113.193,-1,0
8,74,5956582,6913395,1978,7,83,0.039543,119.475,2891,-1,ok,1,1,0,117.685,-1,0
8,75,6219946,5564489,847,5,54,0.033191,35.2227,2501,-1,ok,1,1,1,33.3487,847,1
8,76,2081440,12382609,4688,18,292,0.098492,110.381,0,1,length_cap,0,1,0,106.58,-1,0
8,77,1691073,3744093,1693,7,50,0.029115,126.854,1630,-1,ok,1,1,0,125.681,-1,0
8,78,8817198,3986522,2108,10,142,0.067494,120.067,3790,-1,ok,1,1,0,117.332,-1,0
8,79,7948753,9167683,453,2,4,0.010939,17.2836,257,-1,ok,1,1,1,16.7973,453,1
8,80,5933167,1809128,2017,9,191,0.063989,108.787,3330,-1,ok,1,1,0,106.696,-1,0
8,81,6966816,6407311,457,3,8,0.017593,9.9739,727,-1,ok,1,1,1,9.31614,457,1
8,82,2476107,12023992,4640,19,263,0.077574,111.38,0,1,length_cap,0,1,0,107.739,-1,0
8,83,4767722,2408797,4057,17,262,0.124038,103.58,0,1,length_cap,0,1,0,100.353,-1,0
8,84,3731350,7191902,4549,18,279,0.096288,103.624,0,1,length_cap,0,1,0,100.65,-1,0
8,85,7691974,1423542,4300,18,328,0.105095,118.273,0,1,length_cap,0,1,0,114.622,-1,0
8,86,12485877,3126737,5189,22,309,0.102278,110.178,0,1,length_cap,0,1,0,106.108,-1,0
8,87,6909604,7200447,137,1,0,0.001293,2.13815,1,-1,ok,1,1,1,2.11939,137,1
8,88,3904717,10577072,2759,11,203,0.151621,138.009,4171,-1,ok,1,1,0,135.108,-1,0
8,89,8340124,3901242,2357,9,155,0.063447,115.784,3798,-1,ok,1,1,0,113.185,-1,0
8,90,4075443,11878759,2915,12,194,0.07579,111.308,3505,-1,ok,1,1,0,108.753,-1,0
8,91,9913504,3945960,2821,11,176,0.068617,125.531,3927,-1,ok,1,1,0,122.961,-1,0
8,92,7849946,5842851,2633,10,135,0.061665,111.926,3996,-1,ok,1,1,1,108.759,2633,1
8,93,2178665,5515989,2531,9,112,0.061504,101.873,2430,-1,ok,1,1,0,100.382,-1,0
8,94,10144368,3695934,2736,12,174,0.067214,120.48,4614,-1,ok,1,1,0,117.48,-1,0
8,95,6149849,6790259,1164,5,47,0.031549,59.2844,1671,-1,ok,1,1,1,57.9093,1164,1
8,96,12359415,9961757,1197,5,35,0.018504,52.9365,1259,-1,ok,1,1,1,51.5138,1197,1
8,97,12611329,8437561,4181,18,230,0.087853,133.974,0,1,length_cap,0,1,0,130.312,-1,0
8,98,1865682,9892253,3390,15,220,0.071603,128.895,4769,-1,ok,1,1,0,125.75,-1,0
8,99,6903382,7042632,3042,13,278,0.115183,118.388,4966,-1,ok,1,1,0,115.755,-1,0
8,100,6037001,13035985,3913,16,328,0.147202,137.595,0,1,length_cap,0,1,0,133.991,-1,0
8,101,11432291,5361289,3782,16,262,0.090656,120.764,0,1,length_cap,0,1,0,117.353,-1,0
8,102,2095814,12208510,5712,22,307,0.095485,120.274,0,1,length_cap,0,1,0,116.353,-1,0
8,103,3721245,10043794,1835,8,75,0.039674,76.0985,2393,-1,ok,1,1,1,72.939,1835,1
8,104,1875949,12219863,5866,22,322,0.103923,123.009,0,1,length_cap,0,1,0,119.374,-1,0
8,105,5433877,7370783,2174,9,182,0.068557,139.498,3274,-1,ok,1,1,0,137.586,-1,0
8,106,6966746,1889450,2024,10,196,0.076782,125.402,3145,-1,ok,1,1,0,123.129,-1,0
8,107,12074479,9935930,3204,14,190,0.070331,137.306,0,1,length_cap,0,1,0,134.31,-1,0
8,108,8171471,10094437,1272,6,38,0.025215,30.0917,2390,-1,ok,1,1,1,28.1582,1272,1
8,109,1583977,12290737,4150,16,217,0.076061,130.959,0,1,length_cap,0,1,0,127.549,-1,0
8,110,8541711,3431022,2128,9,162,0.066183,117.055,3580,-1,ok,1,1,0,114.645,-1,0
8,111,945097,9503748,3693,15,190,0.068908,138.29,4797,-1,ok,1,1,0,134.888,-1,0
8,112,3658695,5318513,1491,7,77,0.041948,80.4381,3124,-1,ok,1,1,1,78.0133,1491,1
8,113,2754585,3947626,401,4,15,0.011811,12.7013,769,-1,ok,1,1,1,11.8471,401,1
8,114,10502174,11667585,3041,13,182,0.058888,86.4488,4709,-1,ok,1,1,0,83.5965,-1,0
8,115,10268480,11331403,3940,15,248,0.085469,116.004,0,1,length_cap,0,1,0,112.424,-1,0
8,116,7825845,1762847,4321,19,328,0.106579,125.108,0,1,length_cap,0,1,0,121.751,-1,0
8,117,3362086,11653233,3339,14,210,0.07598,138.415,0,1,length_cap,0,1,0,134.943,-1,0
8,118,10389453,7350623,1413,6,51,0.030136,98.3852,2056,-1,ok,1,1,1,96.0973,1413,1
8,119,4506435,6736068,887,5,38,0.021681,34.541,1277,-1,ok,1,1,1,33.1982,887,1
8,120,5929329,12497247,3028,14,277,0.093162,141.998,4991,-1,ok,1,1,0,138.675,-1,0
8,121,12410185,7574644,2088,10,67,0.035937,128.677,3419,-1,ok,1,1,0,126.197,-1,0
8,122,12229428,5440651,2956,13,209,0.073565,138.597,4527,-1,ok,1,1,0,135.374,-1,0
8,123,1780250,9157158,3337,14,190,0.068256,121.105,4761,-1,ok,1,1,0,117.907,-1,0
8,124,11302776,5692962,4744,18,305,0.103712,133.569,0,1,length_cap,0,1,0,130.033,-1,0
8,125,1768886,1792417,1169,5,33,0.022061,4.71108,1647,-1,ok,1,1,1,3.2155,1169,1
8,126,9050045,1934388,5350,22,313,0.093372,135.765,0,1,length_cap,0,1,0,132.249,-1,0
8,127,1820605,6200831,1903,9,86,0.037339,139.189,2829,-1,ok,1,1,0,137.187,-1,0
8,128,10430467,2988856,2977,12,158,0.063327,113.346,4375,-1,ok,1,1,0,110.408,-1,0
8,129,2439228,6156068,1623,7,72,0.03301,135.652,1989,-1,ok,1,1,0,134.214,-1,0
8,130,1319267,7253584,2673,11,75,0.035475,139.576,4148,-1,ok,1,1,0,136.836,-1,0
8,131,7196925,2454290,2503,9,177,0.06936,124.721,3629,-1,ok,1,1,0,122.383,-1,0
8,132,13030402,3456903,3403,15,254,0.088583,139.667,4453,-1,ok,1,1,0,136.324,-1,0
8,133,4224358,1052088,1611,7,58,0.036156,115.442,1843,-1,ok,1,1,0,113.913,-1,0
8,134,12080206,7454087,2122,10,114,0.050232,115.826,2603,-1,ok,1,1,0,113.645,-1,0
8,135,2068522,1574689,1869,9,70,0.036457,95.9007,2493,-1,ok,1,1,1,94.1437,1869,1
8,136,10842340,7134907,3574,14,246,0.086981,106.608,0,1,length_cap,0,1,0,102.894,-1,0
8,137,2045569,12750493,5410,22,330,0.102489,131.822,0,1,length_cap,0,1,0,127.959,-1,0
8,138,1691283,1726949,1624,7,53,0.026769,9.58082,2262,-1,ok,1,1,1,7.76463,1624,1
8,139,2267658,6664151,2812,13,113,0.044542,126.114,4833,-1,ok,1,1,0,123.533,-1,0
8,140,5981077,11521702,3639,14,287,0.109463,135.271,0,1,length_cap,0,1,0,131.8,-1,0
8,141,6905897,5956763,2217,8,129,0.055752,97.777,3159,-1,ok,1,1,0,95.7535,-1,0
8,142,3746090,7542891,3910,15,204,0.077032,113.506,0,1,length_cap,0,1,0,110.291,-1,0
8,143,927918,6543619,4456,19,234,0.08094,141.15,0,1,length_cap,0,1,0,137.786,-1,0
8,144,6931863,7093569,2051,9,146,0.058818,102.499,3051,-1,ok,1,1,0,100.695,-1,0
8,145,2568120,12342319,3661,15,194,0.073236,136.846,0,1,length_cap,0,1,0,133.05,-1,0
8,146,7908353,11618893,3471,14,251,0.091228,113.46,0,1,length_cap,0,1,0,110.015,-1,0
8,147,11438432,11802298,2485,11,198,0.074358,79.149,4165,-1,ok,1,1,1,76.2483,2485,1
8,148,2413893,1006952,1862,8,66,0.027721,118.822,1995,-1,ok,1,1,0,117.393,-1,0
8,149,11409007,1162795,5579,23,330,0.103792,110.813,0,1,length_cap,0,1,0,106.862,-1,0
8,150,9700992,2679266,4304,17,313,0.127917,126.409,4809,-1,ok,1,1,0,123.148,-1,0
8,151,9872155,9787811,2375,11,128,0.055722,80.7665,3326,-1,ok,1,1,0,78.4606,-1,0
8,152,11614672,3408954,4147,17,262,0.091239,120.994,0,1,length_cap,0,1,0,117.435,-1,0
8,153,9981629,11181633,734,3,10,0.014056,39.9742,557,-1,ok,1,1,1,39.2665,734,1
8,154,3718171,9615151,2308,11,190,0.070049,63.9869,4473,-1,ok,1,1,1,60.2697,2308,1
8,155,3415323,8103407,3865,16,230,0.09233,129.726,0,1,length_cap,0,1,0,126.709,-1,0
8,156,11110265,1067659,3702,15,262,0.094356,120.579,4661,-1,ok,1,1,0,117.384,-1,0
8,157,6280476,9981769,2220,9,126,0.053118,122.964,2527,-1,ok,1,1,0,120.854,-1,0
8,158,6643578,8204315,3641,14,242,0.084778,109.341,0,1,length_cap,0,1,0,106.155,-1,0
8,159,9685005,4585715,4747,19,310,0.101187,105.87,0,1,length_cap,0,1,0,102.087,-1,0
8,160,12831341,2638895,3950,16,228,0.08127,131.481,0,1,length_cap,0,1,0,127.468,-1,0
8,161,8783825,10724143,3006,12,191,0.071092,113.501,4428,-1,ok,1,1,0,110.592,-1,0
8,162,6714674,4622259,3743,14,268,0.107889,117.216,0,1,length_cap,0,1,0,114.454,-1,0
8,163,11574983,7241695,3374,13,146,0.0599,134.034,4887,-1,ok,1,1,0,131.011,-1,0
8,164,6726695,10401558,1931,8,138,0.068116,132.427,2448,-1,ok,1,1,0,130.533,-1,0
8,165,6217776,4562577,639,3,18,0.018744,16.1498,450,-1,ok,1,1,1,15.5612,639,1
8,166,3978333,2704630,2039,8,92,0.03294,98.3637,2017,-1,ok,1,1,0,97.1097,-1,0
8,167,7528628,10723775,1234,7,79,0.039954,55.0814,2242,-1,ok,1,1,1,52.7072,1234,1
8,168,9735496,1569903,4003,17,292,0.097349,133.71,0,1,length_cap,0,1,0,130.485,-1,0
8,169,998082,9272687,4329,19,247,0.106516,141.64,0,1,length_cap,0,1,0,137.875,-1,0
8,170,1321918,2206629,1412,7,47,0.027179,113.975,1581,-1,ok,1,1,0,112.813,-1,0
8,171,6659965,11150045,3320,12,279,0.09698,123.791,4952,-1,ok,1,1,0,120.622,-1,0
8,172,3731435,7767988,2384,11,77,0.036186,95.2713,4458,-1,ok,1,1,0,92.5614,-1,0
8,173,3974805,958596,1638,9,101,0.04886,120.479,2331,-1,ok,1,1,0,118.772,-1,0
8,174,2428329,5775613,2154,9,102,0.044633,107.167,2858,-1,ok,1,1,0,105.164,-1,0
8,175,1714534,1242194,2738,11,80,0.037519,96.9415,4075,-1,ok,1,1,0,94.2005,-1,0
8,176,2649840,6642272,1749,8,65,0.032852,124.631,2682,-1,ok,1,1,0,122.56,-1,0
8,177,6637665,3752951,3356,13,307,0.103421,107.961,4922,-1,ok,1,1,0,105.094,-1,0
8,178,11854338,7380264,1910,8,73,0.03755,111.628,3302,-1,ok,1,1,0,109.251,-1,0
8,179,6799419,5675038,2708,12,186,0.074658,102.677,3787,-1,ok,1,1,1,99.8926,2708,1
8,180,4194887,1007631,1165,5,32,0.018444,74.5669,1344,-1,ok,1,1,1,73.0067,1165,1
8,181,7226275,11473681,3653,15,290,0.097591,117.068,0,1,length_cap,0,1,0,113.847,-1,0
8,182,8300223,3253260,3863,15,304,0.099344,104.986,4857,-1,ok,1,1,0,101.973,-1,0
8,183,1895748,929406,1049,5,25,0.020528,80.8997,904,-1,ok,1,1,1,79.9155,1049,1
8,184,10432828,11593598,2985,12,247,0.10256,116.114,4205,-1,ok,1,1,0,113.384,-1,0
8,185,3746090,7529905,1542,7,51,0.031659,79.8677,1827,-1,ok,1,1,1,77.8606,1542,1
8,186,3253344,6964518,3608,14,203,0.076211,99.0949,3871,-1,ok,1,1,0,96.4756,-1,0
8,187,1483093,11345582,5249,23,299,0.096329,144.273,0,1,length_cap,0,1,0,140.518,-1,0
8,188,1769639,6419115,1907,8,56,0.028252,132.631,2123,-1,ok,1,1,0,130.892,-1,0
8,189,1953803,11588864,5915,24,313,0.096159,103.324,0,1,length_cap,0,1,0,98.9089,-1,0
8,190,10813718,4339117,2672,12,170,0.065661,107.158,4775,-1,ok,1,1,0,104.014,-1,0
8,191,4139954,12718531,4668,20,326,0.104914,136.429,0,1,length_cap,0,1,0,132.704,-1,0
8,192,11410131,12143449,1295,6,58,0.03193,47.6451,2675,-1,ok,1,1,1,45.466,1295,1
8,193,12955129,5083650,4479,19,223,0.083733,107.178,0,1,length_cap,0,1,0,103.202,-1,0
8,194,4034968,11166459,3294,14,244,0.08644,140.22,4500,-1,ok,1,1,0,137.269,-1,0
8,195,12321886,6473680,2881,13,170,0.065431,112.213,3937,-1,ok,1,1,0,109.614,-1,0
8,196,1431067,12748470,4263,18,232,0.079207,141.967,0,1,length_cap,0,1,0,138.258,-1,0
8,197,6895032,9886330,3072,12,253,0.092191,115.456,4375,-1,ok,1,1,0,112.704,-1,0
8,198,8039344,11409990,3078,13,230,0.081692,121.591,4849,-1,ok,1,1,0,118.427,-1,0
8,199,3159648,2262293,1368,7,48,0.030937,88.039,1678,-1,ok,1,1,1,86.6167,1368,1
