dir,file,map,agents,solver,level,nolocalmatch,local_node_match,variant,label,tasks,steps,makespan,tp_makespan,notes
outputs/IH_mp_2p_01_solver_comparison,outputs/IH_mp_2p_01_solver_comparison/IH_mp_2p_01_5000_solver1.json,IH_mp_2p_01,5000,1,,False,False,,solver1,195,12,201,0.9701492537313433,"predates local node matching (f4432a3, 2026-08-13)"
outputs/IH_mp_2p_01_solver_comparison,outputs/IH_mp_2p_01_solver_comparison/IH_mp_2p_01_5000_solver6_depth1.json,IH_mp_2p_01,5000,6,1,False,False,,solver6_depth1,1288,66,200,6.44,"predates local node matching (f4432a3, 2026-08-13)"
outputs/IH_mp_2p_01_solver_comparison,outputs/IH_mp_2p_01_solver_comparison/IH_mp_2p_01_5000_solver6_depth2.json,IH_mp_2p_01,5000,6,2,False,False,,solver6_depth2,1436,108,201,7.144278606965174,"predates local node matching (f4432a3, 2026-08-13)"
outputs/IH_mp_2p_01_solver_comparison,outputs/IH_mp_2p_01_solver_comparison/IH_mp_2p_01_5000_solver6_depth3.json,IH_mp_2p_01,5000,6,3,False,False,,solver6_depth3,1458,104,201,7.253731343283582,"predates local node matching (f4432a3, 2026-08-13)"
outputs/IH_mp_2p_01_solver_comparison,outputs/IH_mp_2p_01_solver_comparison/IH_mp_2p_01_5000_solver6_depth4.json,IH_mp_2p_01,5000,6,4,False,False,,solver6_depth4,1377,98,201,6.850746268656716,"predates local node matching (f4432a3, 2026-08-13)"
outputs/IH_mp_2p_01_solver_comparison,outputs/IH_mp_2p_01_solver_comparison/IH_mp_2p_01_10000_solver1.json,IH_mp_2p_01,10000,1,,False,False,,solver1,669,12,201,3.328358208955224,"predates local node matching (f4432a3, 2026-08-13)"
outputs/IH_mp_2p_01_solver_comparison,outputs/IH_mp_2p_01_solver_comparison/IH_mp_2p_01_10000_solver6_depth1.json,IH_mp_2p_01,10000,6,1,False,False,,solver6_depth1,2951,66,201,14.681592039800995,"predates local node matching (f4432a3, 2026-08-13)"
outputs/IH_mp_2p_01_solver_comparison,outputs/IH_mp_2p_01_solver_comparison/IH_mp_2p_01_10000_solver6_depth2.json,IH_mp_2p_01,10000,6,2,False,False,,solver6_depth2,3234,124,201,16.08955223880597,"predates local node matching (f4432a3, 2026-08-13)"
outputs/IH_mp_2p_01_solver_comparison,outputs/IH_mp_2p_01_solver_comparison/IH_mp_2p_01_10000_solver6_depth2_rerun.json,IH_mp_2p_01,10000,6,2,False,False,rerun,solver6_depth2_rerun,3234,124,201,16.08955223880597,"predates local node matching (f4432a3, 2026-08-13)"
outputs/IH_mp_2p_01_solver_comparison,outputs/IH_mp_2p_01_solver_comparison/IH_mp_2p_01_10000_solver6_depth3.json,IH_mp_2p_01,10000,6,3,False,False,,solver6_depth3,3241,117,200,16.205,"predates local node matching (f4432a3, 2026-08-13)"
outputs/IH_mp_2p_01_solver_comparison,outputs/IH_mp_2p_01_solver_comparison/IH_mp_2p_01_10000_solver6_depth4.json,IH_mp_2p_01,10000,6,4,False,False,,solver6_depth4,3023,95,201,15.039800995024876,"predates local node matching (f4432a3, 2026-08-13)"
outputs/IH_mp_2p_01_solver_comparison,outputs/IH_mp_2p_01_solver_comparison/IH_mp_2p_01_20000_solver1.json,IH_mp_2p_01,20000,1,,False,False,,solver1,1775,10,201,8.83084577114428,"predates local node matching (f4432a3, 2026-08-13)"
outputs/IH_mp_2p_01_solver_comparison,outputs/IH_mp_2p_01_solver_comparison/IH_mp_2p_01_20000_solver6_depth1.json,IH_mp_2p_01,20000,6,1,False,False,,solver6_depth1,6577,66,201,32.72139303482587,"predates local node matching (f4432a3, 2026-08-13)"
outputs/IH_mp_2p_01_solver_comparison,outputs/IH_mp_2p_01_solver_comparison/IH_mp_2p_01_20000_solver6_depth2.json,IH_mp_2p_01,20000,6,2,False,False,,solver6_depth2,6851,110,201,34.08457711442786,"predates local node matching (f4432a3, 2026-08-13)"
outputs/IH_mp_2p_01_solver_comparison,outputs/IH_mp_2p_01_solver_comparison/IH_mp_2p_01_20000_solver6_depth3.json,IH_mp_2p_01,20000,6,3,False,False,,solver6_depth3,6796,113,200,33.98,"predates local node matching (f4432a3, 2026-08-13)"
outputs/IH_mp_2p_01_solver_comparison,outputs/IH_mp_2p_01_solver_comparison/IH_mp_2p_01_20000_solver6_depth4.json,IH_mp_2p_01,20000,6,4,False,False,,solver6_depth4,6323,90,201,31.45771144278607,"predates local node matching (f4432a3, 2026-08-13)"
outputs/orz900d_solver_comparison,outputs/orz900d_solver_comparison/orz900d_5000_solver1.json,orz900d,5000,1,,False,False,,solver1,2178,148,201,10.835820895522389,"predates local node matching (f4432a3, 2026-08-13)"
outputs/orz900d_solver_comparison,outputs/orz900d_solver_comparison/orz900d_5000_solver6_level1.json,orz900d,5000,6,1,False,False,,solver6_level1,1900,200,200,9.5,"predates local node matching (f4432a3, 2026-08-13)"
outputs/orz900d_solver_comparison,outputs/orz900d_solver_comparison/orz900d_5000_solver6_level2.json,orz900d,5000,6,2,False,False,,solver6_level2,1875,200,200,9.375,"predates local node matching (f4432a3, 2026-08-13)"
outputs/orz900d_solver_comparison,outputs/orz900d_solver_comparison/orz900d_5000_solver6_level3.json,orz900d,5000,6,3,False,False,,solver6_level3,1835,200,200,9.175,"predates local node matching (f4432a3, 2026-08-13)"
outputs/orz900d_solver_comparison,outputs/orz900d_solver_comparison/orz900d_5000_solver6_level4.json,orz900d,5000,6,4,False,False,,solver6_level4,1806,200,200,9.03,"predates local node matching (f4432a3, 2026-08-13)"
outputs/orz900d_solver_comparison,outputs/orz900d_solver_comparison/orz900d_10000_solver1.json,orz900d,10000,1,,False,False,,solver1,4683,196,201,23.29850746268657,"predates local node matching (f4432a3, 2026-08-13)"
outputs/orz900d_solver_comparison,outputs/orz900d_solver_comparison/orz900d_10000_solver6_level1.json,orz900d,10000,6,1,False,False,,solver6_level1,4032,200,200,20.16,"predates local node matching (f4432a3, 2026-08-13)"
outputs/orz900d_solver_comparison,outputs/orz900d_solver_comparison/orz900d_10000_solver6_level2.json,orz900d,10000,6,2,False,False,,solver6_level2,4030,200,200,20.15,"predates local node matching (f4432a3, 2026-08-13)"
outputs/orz900d_local_match_counter_test,outputs/orz900d_local_match_counter_test/orz900d_10000_solver6_level2.json,orz900d,10000,6,2,False,,,solver6_level2,3946,201,201,19.6318407960199,
outputs/orz900d_solver_comparison,outputs/orz900d_solver_comparison/orz900d_10000_solver6_level3.json,orz900d,10000,6,3,False,False,,solver6_level3,3959,200,200,19.795,"predates local node matching (f4432a3, 2026-08-13)"
outputs/orz900d_solver_comparison,outputs/orz900d_solver_comparison/orz900d_10000_solver6_level4.json,orz900d,10000,6,4,False,False,,solver6_level4,3869,200,200,19.345,"predates local node matching (f4432a3, 2026-08-13)"
outputs/orz900d_local_match_counter_test,outputs/orz900d_local_match_counter_test/orz900d_10000_solver6_level4.json,orz900d,10000,6,4,False,,,solver6_level4,4013,200,200,20.065,
outputs/orz900d_local_match_counter_test,outputs/orz900d_local_match_counter_test/orz900d_10000_solver6_level6.json,orz900d,10000,6,6,False,,,solver6_level6,4117,200,200,20.585,
outputs/orz900d_solver_comparison,outputs/orz900d_solver_comparison/orz900d_20000_solver1.json,orz900d,20000,1,,False,False,,solver1,9845,199,200,49.225,"predates local node matching (f4432a3, 2026-08-13)"
outputs/orz900d_solver_comparison,outputs/orz900d_solver_comparison/orz900d_20000_solver6_level1.json,orz900d,20000,6,1,False,False,,solver6_level1,8524,200,200,42.62,"predates local node matching (f4432a3, 2026-08-13)"
outputs/orz900d_solver_comparison,outputs/orz900d_solver_comparison/orz900d_20000_solver6_level2.json,orz900d,20000,6,2,False,False,,solver6_level2,8493,200,200,42.465,"predates local node matching (f4432a3, 2026-08-13)"
outputs/orz900d_local_match_counter_test,outputs/orz900d_local_match_counter_test/orz900d_20000_solver6_level2.json,orz900d,20000,6,2,False,,,solver6_level2,8220,200,200,41.1,
outputs/orz900d_solver_comparison,outputs/orz900d_solver_comparison/orz900d_20000_solver6_level3.json,orz900d,20000,6,3,False,False,,solver6_level3,8303,200,200,41.515,"predates local node matching (f4432a3, 2026-08-13)"
outputs/orz900d_solver_comparison,outputs/orz900d_solver_comparison/orz900d_20000_solver6_level4.json,orz900d,20000,6,4,False,False,,solver6_level4,8141,200,200,40.705,"predates local node matching (f4432a3, 2026-08-13)"
outputs/orz900d_local_match_counter_test,outputs/orz900d_local_match_counter_test/orz900d_20000_solver6_level4.json,orz900d,20000,6,4,False,,,solver6_level4,8493,200,200,42.465,
outputs/orz900d_local_match_counter_test,outputs/orz900d_local_match_counter_test/orz900d_20000_solver6_level6.json,orz900d,20000,6,6,False,,,solver6_level6,8601,199,200,43.005,
outputs/scene_mp_4p_03_solver_comparison,outputs/scene_mp_4p_03_solver_comparison/scene_mp_4p_03_5000_solver1.json,scene_mp_4p_03,5000,1,,False,False,,solver1,17,6,501,0.033932135728542916,"solver 1 baseline, no hierarchy/local matching involved"
outputs/scene_mp_4p_03_solver_comparison,outputs/scene_mp_4p_03_solver_comparison/scene_mp_4p_03_5000_solver6_level1.json,scene_mp_4p_03,5000,6,1,False,,,solver6_level1,747,50,501,1.4910179640718564,
outputs/scene_mp_4p_03_solver_comparison,outputs/scene_mp_4p_03_solver_comparison/scene_mp_4p_03_5000_solver6_level2.json,scene_mp_4p_03,5000,6,2,False,,,solver6_level2,1355,136,501,2.7045908183632736,
outputs/scene_mp_4p_03_solver_comparison,outputs/scene_mp_4p_03_solver_comparison/scene_mp_4p_03_5000_solver6_level3.json,scene_mp_4p_03,5000,6,3,False,,,solver6_level3,1461,194,501,2.9161676646706587,
outputs/scene_mp_4p_03_solver_comparison,outputs/scene_mp_4p_03_solver_comparison/scene_mp_4p_03_5000_solver6_level4.json,scene_mp_4p_03,5000,6,4,False,,,solver6_level4,1580,404,501,3.153692614770459,
outputs/scene_mp_4p_03_solver_comparison,outputs/scene_mp_4p_03_solver_comparison/scene_mp_4p_03_5000_solver6_level4_postfix.json,scene_mp_4p_03,5000,6,4,False,,postfix,solver6_level4_postfix,1578,418,501,3.1497005988023954,
outputs/scene_mp_4p_03_solver_comparison,outputs/scene_mp_4p_03_solver_comparison/scene_mp_4p_03_5000_solver6_level5.json,scene_mp_4p_03,5000,6,5,False,,,solver6_level5,1537,466,501,3.067864271457086,
outputs/scene_mp_4p_03_solver_comparison,outputs/scene_mp_4p_03_solver_comparison/scene_mp_4p_03_5000_solver6_level5_postfix.json,scene_mp_4p_03,5000,6,5,False,,postfix,solver6_level5_postfix,1530,468,500,3.06,
outputs/scene_mp_4p_03_solver_comparison,outputs/scene_mp_4p_03_solver_comparison/scene_mp_4p_03_5000_solver6_level6.json,scene_mp_4p_03,5000,6,6,False,,,solver6_level6,1463,458,501,2.9201596806387227,
outputs/scene_mp_4p_03_solver_comparison,outputs/scene_mp_4p_03_solver_comparison/scene_mp_4p_03_5000_solver6_level6_postfix.json,scene_mp_4p_03,5000,6,6,False,,postfix,solver6_level6_postfix,1517,440,501,3.027944111776447,
outputs/scene_mp_4p_03_solver_comparison,outputs/scene_mp_4p_03_solver_comparison/scene_mp_4p_03_5000_solver6_level9.json,scene_mp_4p_03,5000,6,9,False,,,solver6_level9,1347,136,501,2.688622754491018,
outputs/scene_mp_4p_03_10k_20k_localmatch_comparison,outputs/scene_mp_4p_03_10k_20k_localmatch_comparison/scene_mp_4p_03_10000_solver1.json,scene_mp_4p_03,10000,1,,False,False,,solver1,55,6,501,0.10978043912175649,"solver 1 baseline, no hierarchy/local matching involved"
outputs/scene_mp_4p_03_10k_20k_localmatch_comparison,outputs/scene_mp_4p_03_10k_20k_localmatch_comparison/scene_mp_4p_03_10000_solver6_level1.json,scene_mp_4p_03,10000,6,1,False,,,solver6_level1,2023,52,501,4.037924151696607,
outputs/scene_mp_4p_03_10k_20k_localmatch_comparison,outputs/scene_mp_4p_03_10k_20k_localmatch_comparison/scene_mp_4p_03_10000_solver6_level2.json,scene_mp_4p_03,10000,6,2,False,,,solver6_level2,2871,134,501,5.730538922155689,
outputs/scene_mp_4p_03_10k_20k_localmatch_comparison,outputs/scene_mp_4p_03_10k_20k_localmatch_comparison/scene_mp_4p_03_10000_solver6_level3.json,scene_mp_4p_03,10000,6,3,False,,,solver6_level3,3055,205,501,6.097804391217565,
outputs/scene_mp_4p_03_10k_20k_localmatch_comparison,outputs/scene_mp_4p_03_10k_20k_localmatch_comparison/scene_mp_4p_03_10000_solver6_level4.json,scene_mp_4p_03,10000,6,4,False,,,solver6_level4,3182,448,500,6.364,
outputs/scene_mp_4p_03_10k_20k_localmatch_comparison,outputs/scene_mp_4p_03_10k_20k_localmatch_comparison/scene_mp_4p_03_10000_solver6_level4_postfix.json,scene_mp_4p_03,10000,6,4,False,,postfix,solver6_level4_postfix,3178,442,501,6.343313373253493,
outputs/scene_mp_4p_03_10k_20k_localmatch_comparison,outputs/scene_mp_4p_03_10k_20k_localmatch_comparison/scene_mp_4p_03_10000_solver6_level5.json,scene_mp_4p_03,10000,6,5,False,,,solver6_level5,3151,489,500,6.302,
outputs/scene_mp_4p_03_10k_20k_localmatch_comparison,outputs/scene_mp_4p_03_10k_20k_localmatch_comparison/scene_mp_4p_03_10000_solver6_level5_postfix.json,scene_mp_4p_03,10000,6,5,False,,postfix,solver6_level5_postfix,3166,495,500,6.332,
outputs/scene_mp_4p_03_10k_20k_localmatch_comparison,outputs/scene_mp_4p_03_10k_20k_localmatch_comparison/scene_mp_4p_03_10000_solver6_level6.json,scene_mp_4p_03,10000,6,6,False,,,solver6_level6,3054,496,500,6.108,
outputs/scene_mp_4p_03_10k_20k_localmatch_comparison,outputs/scene_mp_4p_03_10k_20k_localmatch_comparison/scene_mp_4p_03_10000_solver6_level6_postfix.json,scene_mp_4p_03,10000,6,6,False,,postfix,solver6_level6_postfix,3110,491,501,6.2075848303393215,
outputs/scene_mp_4p_03_solver7_comparison,outputs/scene_mp_4p_03_solver7_comparison/scene_mp_4p_03_10000_solver7_level2.json,scene_mp_4p_03,10000,7,2,False,,,solver7_level2,2475,74,501,4.940119760479042,
outputs/scene_mp_4p_03_solver7_comparison,outputs/scene_mp_4p_03_solver7_comparison/scene_mp_4p_03_10000_solver7_level4.json,scene_mp_4p_03,10000,7,4,False,,,solver7_level4,3123,277,501,6.233532934131737,
outputs/scene_mp_4p_03_solver7_comparison,outputs/scene_mp_4p_03_solver7_comparison/scene_mp_4p_03_10000_solver7_level6.json,scene_mp_4p_03,10000,7,6,False,,,solver7_level6,3168,482,500,6.336,
outputs/scene_mp_4p_03_10k_20k_localmatch_comparison,outputs/scene_mp_4p_03_10k_20k_localmatch_comparison/scene_mp_4p_03_20000_solver1.json,scene_mp_4p_03,20000,1,,False,False,,solver1,257,6,501,0.5129740518962076,"solver 1 baseline, no hierarchy/local matching involved"
outputs/scene_mp_4p_03_10k_20k_localmatch_comparison,outputs/scene_mp_4p_03_10k_20k_localmatch_comparison/scene_mp_4p_03_20000_solver6_level1.json,scene_mp_4p_03,20000,6,1,False,,,solver6_level1,5533,56,501,11.043912175648703,
outputs/scene_mp_4p_03_10k_20k_localmatch_comparison,outputs/scene_mp_4p_03_10k_20k_localmatch_comparison/scene_mp_4p_03_20000_solver6_level2.json,scene_mp_4p_03,20000,6,2,False,,,solver6_level2,6752,148,501,13.477045908183634,
outputs/scene_mp_4p_03_10k_20k_localmatch_comparison,outputs/scene_mp_4p_03_10k_20k_localmatch_comparison/scene_mp_4p_03_20000_solver6_level3.json,scene_mp_4p_03,20000,6,3,False,,,solver6_level3,6859,190,501,13.690618762475049,
outputs/scene_mp_4p_03_10k_20k_localmatch_comparison,outputs/scene_mp_4p_03_10k_20k_localmatch_comparison/scene_mp_4p_03_20000_solver6_level4.json,scene_mp_4p_03,20000,6,4,False,,,solver6_level4,6971,449,500,13.942,
outputs/scene_mp_4p_03_10k_20k_localmatch_comparison,outputs/scene_mp_4p_03_10k_20k_localmatch_comparison/scene_mp_4p_03_20000_solver6_level4_postfix.json,scene_mp_4p_03,20000,6,4,False,,postfix,solver6_level4_postfix,7056,451,500,14.112,
outputs/scene_mp_4p_03_10k_20k_localmatch_comparison,outputs/scene_mp_4p_03_10k_20k_localmatch_comparison/scene_mp_4p_03_20000_solver6_level5.json,scene_mp_4p_03,20000,6,5,False,,,solver6_level5,6803,498,500,13.606,
outputs/scene_mp_4p_03_10k_20k_localmatch_comparison,outputs/scene_mp_4p_03_10k_20k_localmatch_comparison/scene_mp_4p_03_20000_solver6_level5_postfix.json,scene_mp_4p_03,20000,6,5,False,,postfix,solver6_level5_postfix,6972,499,500,13.944,
outputs/scene_mp_4p_03_10k_20k_localmatch_comparison,outputs/scene_mp_4p_03_10k_20k_localmatch_comparison/scene_mp_4p_03_20000_solver6_level6.json,scene_mp_4p_03,20000,6,6,False,,,solver6_level6,6518,495,501,13.00998003992016,
outputs/scene_mp_4p_03_10k_20k_localmatch_comparison,outputs/scene_mp_4p_03_10k_20k_localmatch_comparison/scene_mp_4p_03_20000_solver6_level6_postfix.json,scene_mp_4p_03,20000,6,6,False,,postfix,solver6_level6_postfix,6986,499,500,13.972,
outputs/scene_mp_4p_03_solver7_comparison,outputs/scene_mp_4p_03_solver7_comparison/scene_mp_4p_03_20000_solver7_level2.json,scene_mp_4p_03,20000,7,2,False,,,solver7_level2,6133,78,501,12.241516966067865,
outputs/scene_mp_4p_03_solver7_comparison,outputs/scene_mp_4p_03_solver7_comparison/scene_mp_4p_03_20000_solver7_level4.json,scene_mp_4p_03,20000,7,4,False,,,solver7_level4,6910,286,501,13.792415169660678,
outputs/scene_mp_4p_03_solver7_comparison,outputs/scene_mp_4p_03_solver7_comparison/scene_mp_4p_03_20000_solver7_level6.json,scene_mp_4p_03,20000,7,6,False,,,solver7_level6,7009,501,501,13.99001996007984,
outputs/scene_sp_pol_06_solver_comparison,outputs/scene_sp_pol_06_solver_comparison/scene_sp_pol_06_smoketest.json,scene_sp_pol_06,10000,,,False,,smoketest,smoketest,14,4,6,2.3333333333333335,
outputs/scene_sp_pol_06_solver_comparison,outputs/scene_sp_pol_06_solver_comparison/scene_sp_pol_06_10000_solver6_level2.json,scene_sp_pol_06,10000,6,2,False,,,solver6_level2,2961,172,500,5.922,
outputs/scene_sp_pol_06_solver_comparison,outputs/scene_sp_pol_06_solver_comparison/scene_sp_pol_06_10000_solver6_level4.json,scene_sp_pol_06,10000,6,4,False,,,solver6_level4,3153,307,501,6.293413173652695,
outputs/scene_sp_pol_06_solver_comparison,outputs/scene_sp_pol_06_solver_comparison/scene_sp_pol_06_10000_solver6_level6.json,scene_sp_pol_06,10000,6,6,False,,,solver6_level6,3090,498,500,6.18,
outputs/scene_sp_pol_06_solver_comparison,outputs/scene_sp_pol_06_solver_comparison/scene_sp_pol_06_10000_solver6_level8.json,scene_sp_pol_06,10000,6,8,False,,,solver6_level8,3145,499,500,6.29,
outputs/scene_sp_pol_06_solver7_comparison,outputs/scene_sp_pol_06_solver7_comparison/scene_sp_pol_06_10000_solver7_level2.json,scene_sp_pol_06,10000,7,2,False,,,solver7_level2,1332,40,501,2.658682634730539,
outputs/scene_sp_pol_06_solver7_comparison,outputs/scene_sp_pol_06_solver7_comparison/scene_sp_pol_06_10000_solver7_level4.json,scene_sp_pol_06,10000,7,4,False,,,solver7_level4,3096,259,501,6.179640718562874,
outputs/scene_sp_pol_06_solver7_comparison,outputs/scene_sp_pol_06_solver7_comparison/scene_sp_pol_06_10000_solver7_level6.json,scene_sp_pol_06,10000,7,6,False,,,solver7_level6,3137,499,501,6.261477045908183,
outputs/scene_sp_pol_06_solver7_comparison,outputs/scene_sp_pol_06_solver7_comparison/scene_sp_pol_06_10000_solver7_level8.json,scene_sp_pol_06,10000,7,8,False,,,solver7_level8,3137,500,500,6.274,
outputs/scene_sp_pol_06_solver_comparison,outputs/scene_sp_pol_06_solver_comparison/scene_sp_pol_06_20000_solver6_level2.json,scene_sp_pol_06,20000,6,2,False,,,solver6_level2,6166,168,501,12.307385229540918,
outputs/scene_sp_pol_06_solver_comparison,outputs/scene_sp_pol_06_solver_comparison/scene_sp_pol_06_20000_solver6_level4.json,scene_sp_pol_06,20000,6,4,False,,,solver6_level4,6375,325,501,12.724550898203592,
outputs/scene_sp_pol_06_local_match_counter_test,outputs/scene_sp_pol_06_local_match_counter_test/scene_sp_pol_06_20000_solver6_level4.json,scene_sp_pol_06,20000,6,4,False,,,solver6_level4,6375,323,500,12.75,
outputs/scene_sp_pol_06_solver_comparison,outputs/scene_sp_pol_06_solver_comparison/scene_sp_pol_06_20000_solver6_level4_nolocalmatch.json,scene_sp_pol_06,20000,6,4,True,False,,solver6_level4_nolocalmatch,6344,328,501,12.662674650698603,
outputs/scene_sp_pol_06_solver_comparison,outputs/scene_sp_pol_06_solver_comparison/scene_sp_pol_06_20000_solver6_level6.json,scene_sp_pol_06,20000,6,6,False,,,solver6_level6,6270,500,501,12.51497005988024,
outputs/scene_sp_pol_06_local_match_counter_test,outputs/scene_sp_pol_06_local_match_counter_test/scene_sp_pol_06_20000_solver6_level6.json,scene_sp_pol_06,20000,6,6,False,,,solver6_level6,6264,499,500,12.528,
outputs/scene_sp_pol_06_solver_comparison,outputs/scene_sp_pol_06_solver_comparison/scene_sp_pol_06_20000_solver6_level6_nolocalmatch.json,scene_sp_pol_06,20000,6,6,True,False,,solver6_level6_nolocalmatch,6244,493,500,12.488,
outputs/scene_sp_pol_06_solver_comparison,outputs/scene_sp_pol_06_solver_comparison/scene_sp_pol_06_20000_solver6_level8.json,scene_sp_pol_06,20000,6,8,False,,,solver6_level8,6335,501,501,12.644710578842316,
outputs/scene_sp_pol_06_local_match_counter_test,outputs/scene_sp_pol_06_local_match_counter_test/scene_sp_pol_06_20000_solver6_level8.json,scene_sp_pol_06,20000,6,8,False,,,solver6_level8,6341,500,500,12.682,
outputs/scene_sp_pol_06_solver_comparison,outputs/scene_sp_pol_06_solver_comparison/scene_sp_pol_06_20000_solver6_level8_nolocalmatch.json,scene_sp_pol_06,20000,6,8,True,False,,solver6_level8_nolocalmatch,3475,440,501,6.936127744510978,
outputs/scene_sp_pol_06_solver7_comparison,outputs/scene_sp_pol_06_solver7_comparison/scene_sp_pol_06_20000_solver7_level2.json,scene_sp_pol_06,20000,7,2,False,,,solver7_level2,3839,42,501,7.6626746506986025,
outputs/scene_sp_pol_06_solver7_comparison,outputs/scene_sp_pol_06_solver7_comparison/scene_sp_pol_06_20000_solver7_level4.json,scene_sp_pol_06,20000,7,4,False,,,solver7_level4,6374,250,501,12.72255489021956,
outputs/scene_sp_pol_06_solver7_comparison,outputs/scene_sp_pol_06_solver7_comparison/scene_sp_pol_06_20000_solver7_level6.json,scene_sp_pol_06,20000,7,6,False,,,solver7_level6,6405,500,501,12.784431137724551,
outputs/scene_sp_pol_06_solver7_comparison,outputs/scene_sp_pol_06_solver7_comparison/scene_sp_pol_06_20000_solver7_level8.json,scene_sp_pol_06,20000,7,8,False,,,solver7_level8,6352,498,500,12.704,
outputs/scene_sp_pol_06_solver_comparison,outputs/scene_sp_pol_06_solver_comparison/scene_sp_pol_06_60000_solver6_level2.json,scene_sp_pol_06,60000,6,2,False,,,solver6_level2,19742,156,501,39.405189620758485,
outputs/scene_sp_pol_06_solver_comparison,outputs/scene_sp_pol_06_solver_comparison/scene_sp_pol_06_60000_solver6_level4.json,scene_sp_pol_06,60000,6,4,False,,,solver6_level4,19837,336,501,39.594810379241515,
outputs/scene_sp_pol_06_local_match_counter_test,outputs/scene_sp_pol_06_local_match_counter_test/scene_sp_pol_06_60000_solver6_level4.json,scene_sp_pol_06,60000,6,4,False,,,solver6_level4,19834,328,501,39.58882235528942,
outputs/scene_sp_pol_06_solver_comparison,outputs/scene_sp_pol_06_solver_comparison/scene_sp_pol_06_60000_solver6_level4_nolocalmatch.json,scene_sp_pol_06,60000,6,4,True,False,,solver6_level4_nolocalmatch,19785,334,501,39.49101796407186,
outputs/scene_sp_pol_06_solver_comparison,outputs/scene_sp_pol_06_solver_comparison/scene_sp_pol_06_60000_solver6_level6.json,scene_sp_pol_06,60000,6,6,False,,,solver6_level6,19848,500,501,39.616766467065865,
outputs/scene_sp_pol_06_local_match_counter_test,outputs/scene_sp_pol_06_local_match_counter_test/scene_sp_pol_06_60000_solver6_level6.json,scene_sp_pol_06,60000,6,6,False,,,solver6_level6,19848,500,501,39.616766467065865,
outputs/scene_sp_pol_06_solver_comparison,outputs/scene_sp_pol_06_solver_comparison/scene_sp_pol_06_60000_solver6_level6_nolocalmatch.json,scene_sp_pol_06,60000,6,6,True,False,,solver6_level6_nolocalmatch,19268,484,501,38.45908183632734,
outputs/scene_sp_pol_06_solver_comparison,outputs/scene_sp_pol_06_solver_comparison/scene_sp_pol_06_60000_solver6_level8.json,scene_sp_pol_06,60000,6,8,False,,,solver6_level8,19805,498,501,39.53093812375249,
outputs/scene_sp_pol_06_local_match_counter_test,outputs/scene_sp_pol_06_local_match_counter_test/scene_sp_pol_06_60000_solver6_level8.json,scene_sp_pol_06,60000,6,8,False,,,solver6_level8,19805,496,500,39.61,
outputs/scene_sp_pol_06_solver_comparison,outputs/scene_sp_pol_06_solver_comparison/scene_sp_pol_06_60000_solver6_level8_nolocalmatch.json,scene_sp_pol_06,60000,6,8,True,False,,solver6_level8_nolocalmatch,7209,294,500,14.418,
outputs/scene_sp_pol_06_solver7_comparison,outputs/scene_sp_pol_06_solver7_comparison/scene_sp_pol_06_60000_solver7_level2.json,scene_sp_pol_06,60000,7,2,False,,,solver7_level2,16064,42,501,32.063872255489024,
outputs/scene_sp_pol_06_solver7_comparison,outputs/scene_sp_pol_06_solver7_comparison/scene_sp_pol_06_60000_solver7_level4.json,scene_sp_pol_06,60000,7,4,False,,,solver7_level4,19791,226,501,39.50299401197605,
outputs/scene_sp_pol_06_solver7_comparison,outputs/scene_sp_pol_06_solver7_comparison/scene_sp_pol_06_60000_solver7_level6.json,scene_sp_pol_06,60000,7,6,False,,,solver7_level6,19919,500,501,39.75848303393214,
outputs/scene_sp_pol_06_solver7_comparison,outputs/scene_sp_pol_06_solver7_comparison/scene_sp_pol_06_60000_solver7_level8.json,scene_sp_pol_06,60000,7,8,False,,,solver7_level8,19791,496,500,39.582,
outputs/warehouseXL_solver_comparison,outputs/warehouseXL_solver_comparison/warehouseXL_5000_solver1.json,warehouseXL,5000,1,,False,False,,solver1,224,18,201,1.1144278606965174,"predates local node matching (f4432a3, 2026-08-13)"
outputs/warehouseXL_solver_comparison,outputs/warehouseXL_solver_comparison/warehouseXL_5000_solver6_level1.json,warehouseXL,5000,6,1,False,False,,solver6_level1,796,58,201,3.9601990049751246,"predates local node matching (f4432a3, 2026-08-13)"
outputs/warehouseXL_solver_comparison,outputs/warehouseXL_solver_comparison/warehouseXL_5000_solver6_level2.json,warehouseXL,5000,6,2,False,False,,solver6_level2,969,100,201,4.82089552238806,"predates local node matching (f4432a3, 2026-08-13)"
outputs/warehouseXL_solver_comparison,outputs/warehouseXL_solver_comparison/warehouseXL_5000_solver6_level3.json,warehouseXL,5000,6,3,False,False,,solver6_level3,977,120,201,4.8606965174129355,"predates local node matching (f4432a3, 2026-08-13)"
outputs/warehouseXL_solver_comparison,outputs/warehouseXL_solver_comparison/warehouseXL_5000_solver6_level4.json,warehouseXL,5000,6,4,False,False,,solver6_level4,947,131,201,4.711442786069652,"predates local node matching (f4432a3, 2026-08-13)"
outputs/warehouseXL_solver_comparison,outputs/warehouseXL_solver_comparison/warehouseXL_10000_solver1.json,warehouseXL,10000,1,,False,False,,solver1,879,20,201,4.373134328358209,"predates local node matching (f4432a3, 2026-08-13)"
outputs/warehouseXL_solver_comparison,outputs/warehouseXL_solver_comparison/warehouseXL_10000_solver6_level1.json,warehouseXL,10000,6,1,False,False,,solver6_level1,1847,58,201,9.189054726368159,"predates local node matching (f4432a3, 2026-08-13)"
outputs/warehouseXL_solver_comparison,outputs/warehouseXL_solver_comparison/warehouseXL_10000_solver6_level2.json,warehouseXL,10000,6,2,False,False,,solver6_level2,1957,96,201,9.7363184079602,"predates local node matching (f4432a3, 2026-08-13)"
outputs/warehouseXL_solver_comparison,outputs/warehouseXL_solver_comparison/warehouseXL_10000_solver6_level3.json,warehouseXL,10000,6,3,False,False,,solver6_level3,1953,113,201,9.716417910447761,"predates local node matching (f4432a3, 2026-08-13)"
outputs/warehouseXL_solver_comparison,outputs/warehouseXL_solver_comparison/warehouseXL_10000_solver6_level4.json,warehouseXL,10000,6,4,False,False,,solver6_level4,1898,126,201,9.442786069651742,"predates local node matching (f4432a3, 2026-08-13)"
outputs/warehouseXL_solver_comparison,outputs/warehouseXL_solver_comparison/warehouseXL_20000_solver1.json,warehouseXL,20000,1,,False,False,,solver1,2877,20,201,14.313432835820896,"predates local node matching (f4432a3, 2026-08-13)"
outputs/warehouseXL_solver_comparison,outputs/warehouseXL_solver_comparison/warehouseXL_20000_solver6_level1.json,warehouseXL,20000,6,1,False,False,,solver6_level1,4415,58,201,21.965174129353233,"predates local node matching (f4432a3, 2026-08-13)"
outputs/warehouseXL_solver_comparison,outputs/warehouseXL_solver_comparison/warehouseXL_20000_solver6_level2.json,warehouseXL,20000,6,2,False,False,,solver6_level2,4488,104,201,22.328358208955223,"predates local node matching (f4432a3, 2026-08-13)"
outputs/warehouseXL_solver_comparison,outputs/warehouseXL_solver_comparison/warehouseXL_20000_solver6_level3.json,warehouseXL,20000,6,3,False,False,,solver6_level3,4546,130,201,22.616915422885572,"predates local node matching (f4432a3, 2026-08-13)"
outputs/warehouseXL_solver_comparison,outputs/warehouseXL_solver_comparison/warehouseXL_20000_solver6_level4.json,warehouseXL,20000,6,4,False,False,,solver6_level4,4138,122,201,20.587064676616915,"predates local node matching (f4432a3, 2026-08-13)"
